AAACCGACACATAGAG-1	HTO2	CD22_i61_2
AAACCGACACTCATTT-1	HTO2	CD22_i61_2
AAACCGTGTCACGAAT-1	HTO4	CD22_A3_nonint_4434
AAACGGTAGAACGATA-1	HTO1	CD22_m971
AAACGTAAGCTCCGGA-1	HTO4	CD22_A3_nonint_4434
AAACGTAAGGTGCTGT-1	HTO5	CD22_A11_int_1411
AAAGCAATCGCTCCGT-1	HTO4	CD22_A3_nonint_4434
AAAGCGCCACTCATAA-1	HTO3	CD22_B1_nonint_2261
AAAGCGTAGCCTGTGG-1	HTO5	CD22_A11_int_1411
AAAGCTAAGACATAAG-1	HTO3	CD22_B1_nonint_2261
AAAGGCCCAGGTCTAT-1	HTO2	CD22_i61_2
AAAGTTACAGTTAACC-1	HTO4	CD22_A3_nonint_4434
AAATCTATCGCCACTC-1	HTO4	CD22_A3_nonint_4434
AAATCTATCGGTTAGC-1	HTO1	CD22_m971
AAATGCTTCCTTAGCT-1	HTO4	CD22_A3_nonint_4434
AAATGCTTCGGTGGTT-1	HTO4	CD22_A3_nonint_4434
AAATGGCAGAGTTGGG-1	HTO4	CD22_A3_nonint_4434
AAATTGCTCAAGCCAC-1	HTO3	CD22_B1_nonint_2261
AAATTTCCAGCTAAGA-1	HTO5	CD22_A11_int_1411
AACACCTCACAGGACG-1	HTO2	CD22_i61_2
AACACGCTCGGTATTG-1	HTO4	CD22_A3_nonint_4434
AACACTCCAGTACGCC-1	HTO5	CD22_A11_int_1411
AACAGGAGTATATCAG-1	HTO3	CD22_B1_nonint_2261
AACATAGAGCAGTATT-1	HTO1	CD22_m971
AACCATCCAAACCAGA-1	HTO4	CD22_A3_nonint_4434
AACCATTAGCGGTCCA-1	HTO5	CD22_A11_int_1411
AACCGGGCACGGGTCT-1	HTO2	CD22_i61_2
AACGAAATCACTATCC-1	HTO3	CD22_B1_nonint_2261
AACGAGAGTCCAGCTT-1	HTO4	CD22_A3_nonint_4434
AACGAGAGTGGAAATG-1	HTO1	CD22_m971
AACGCAACAGCCCAAC-1	HTO2	CD22_i61_2
AACGCCAGTACTAATG-1	HTO2	CD22_i61_2
AACGGATAGAGGCGAC-1	HTO3	CD22_B1_nonint_2261
AACGGTACACGCATAT-1	HTO3	CD22_B1_nonint_2261
AACGTAAAGCGGTTAC-1	HTO3	CD22_B1_nonint_2261
AACGTTCCAACCCGTA-1	HTO2	CD22_i61_2
AACGTTCCACGCAGCT-1	HTO4	CD22_A3_nonint_4434
AACGTTCCACTTAACA-1	HTO4	CD22_A3_nonint_4434
AACGTTCCAGCTTCAG-1	HTO4	CD22_A3_nonint_4434
AACTACCCACTCGGAC-1	HTO4	CD22_A3_nonint_4434
AACTCACCACATGCCA-1	HTO4	CD22_A3_nonint_4434
AACTCCGCACACAACT-1	HTO3	CD22_B1_nonint_2261
AACTCTACACTATCTT-1	HTO4	CD22_A3_nonint_4434
AAGCAATCAATAGCAG-1	HTO3	CD22_B1_nonint_2261
AAGCCAACAACAATGG-1	HTO3	CD22_B1_nonint_2261
AAGCCCAGTATGCGCA-1	HTO4	CD22_A3_nonint_4434
AAGCCGCGTGGCTATG-1	HTO4	CD22_A3_nonint_4434
AAGCCGGCACGATAAG-1	HTO4	CD22_A3_nonint_4434
AAGCGATAGCAAATGA-1	HTO4	CD22_A3_nonint_4434
AAGCTAAAGAACCCGT-1	HTO4	CD22_A3_nonint_4434
AAGCTCATCACCTCAT-1	HTO1	CD22_m971
AAGCTCATCAGCCCTC-1	HTO3	CD22_B1_nonint_2261
AAGGCACCACCGTTTC-1	HTO2	CD22_i61_2
AAGGCCGCAACCAAGA-1	HTO2	CD22_i61_2
AAGGCGCAGGCTTACA-1	HTO2	CD22_i61_2
AAGGCTGAGCAACCCG-1	HTO1	CD22_m971
AAGGGGACAACGGGAT-1	HTO4	CD22_A3_nonint_4434
AAGGGGACAGTCCATG-1	HTO2	CD22_i61_2
AAGGGGCTCCACAGGT-1	HTO4	CD22_A3_nonint_4434
AAGGTGTAGCAATACT-1	HTO2	CD22_i61_2
AAGGTGTAGCATCTAG-1	HTO2	CD22_i61_2
AAGGTGTAGCGTAATT-1	HTO2	CD22_i61_2
AAGGTGTAGGCTCAGT-1	HTO4	CD22_A3_nonint_4434
AAGGTTCGTGGAACGG-1	HTO2	CD22_i61_2
AAGTCCATCCGATAGC-1	HTO3	CD22_B1_nonint_2261
AAGTCCGGTGTCCGCC-1	HTO5	CD22_A11_int_1411
AAGTCCGGTGTTATGA-1	HTO5	CD22_A11_int_1411
AAGTGTAAGCCATTGA-1	HTO5	CD22_A11_int_1411
AAGTTGCGTATTGGTA-1	HTO2	CD22_i61_2
AAGTTGCGTGGAGTAA-1	HTO4	CD22_A3_nonint_4434
AATATCCAGAATGGCG-1	HTO2	CD22_i61_2
AATATTCCACCGTAAT-1	HTO3	CD22_B1_nonint_2261
AATCGGCTCACCACAA-1	HTO2	CD22_i61_2
AATCTCCTCAAGCATT-1	HTO2	CD22_i61_2
AATCTCTGTGGGAGCA-1	HTO4	CD22_A3_nonint_4434
AATGACGCAATGCTAC-1	HTO3	CD22_B1_nonint_2261
AATGCCCAGCGTGCAT-1	HTO4	CD22_A3_nonint_4434
AATGCGACAAGTCCGC-1	HTO5	CD22_A11_int_1411
AATGCGGAGGTGAGTG-1	HTO3	CD22_B1_nonint_2261
AATGGAGGTCTTAATC-1	HTO5	CD22_A11_int_1411
AATGGCACAATCTTAG-1	HTO2	CD22_i61_2
AATGGCACAGTGGACG-1	HTO2	CD22_i61_2
AATGGCGAGGCTTAAT-1	HTO4	CD22_A3_nonint_4434
AATGTAGAGCTGGTTA-1	HTO2	CD22_i61_2
AATGTGCGTATTACCT-1	HTO4	CD22_A3_nonint_4434
AATTAAGCAACCTATA-1	HTO2	CD22_i61_2
AATTACCAGACCACGT-1	HTO3	CD22_B1_nonint_2261
AATTCCGAGCCTTAGA-1	HTO4	CD22_A3_nonint_4434
AATTCCTGTAGCCCTT-1	HTO5	CD22_A11_int_1411
AATTCGCCAATGGCGG-1	HTO5	CD22_A11_int_1411
AATTCGGTCCTCCGAC-1	HTO4	CD22_A3_nonint_4434
AATTGAACAAATTCCA-1	HTO4	CD22_A3_nonint_4434
AATTGTCAGCCTATGA-1	HTO2	CD22_i61_2
AATTGTCAGCTACGTA-1	HTO3	CD22_B1_nonint_2261
AATTGTCAGGTCATCA-1	HTO3	CD22_B1_nonint_2261
AATTGTGGTATGCTCC-1	HTO3	CD22_B1_nonint_2261
AATTTGCAGGTAGAAC-1	HTO1	CD22_m971
AATTTGGGTCCCTCTC-1	HTO2	CD22_i61_2
ACAAGATCAGGTCATT-1	HTO5	CD22_A11_int_1411
ACAAGCCTCCCGAATA-1	HTO5	CD22_A11_int_1411
ACAAGCTGTAAGGGAC-1	HTO1	CD22_m971
ACAATAGAGCGGGATA-1	HTO5	CD22_A11_int_1411
ACAATGAAGCCACTAA-1	HTO5	CD22_A11_int_1411
ACACAGACACGTACAT-1	HTO4	CD22_A3_nonint_4434
ACACCCTGTCCTCTGG-1	HTO2	CD22_i61_2
ACACGCCCAGTGGCGA-1	HTO4	CD22_A3_nonint_4434
ACACGGGCAACTTCAA-1	HTO4	CD22_A3_nonint_4434
ACACGTATCGCTGAGT-1	HTO1	CD22_m971
ACACTCGCAGGACAAC-1	HTO4	CD22_A3_nonint_4434
ACAGCAGAGGCTCATA-1	HTO4	CD22_A3_nonint_4434
ACAGCGAAGCTCTGGG-1	HTO1	CD22_m971
ACAGCGCGTGCGAGGA-1	HTO5	CD22_A11_int_1411
ACAGCGTTCCCATCTG-1	HTO2	CD22_i61_2
ACAGCTATCATGAAAG-1	HTO4	CD22_A3_nonint_4434
ACAGGCCGTCGGGTAC-1	HTO1	CD22_m971
ACAGTCTCAAGGACCG-1	HTO2	CD22_i61_2
ACAGTCTCACAGCAGG-1	HTO2	CD22_i61_2
ACAGTTAGTGGATGGG-1	HTO1	CD22_m971
ACAGTTTAGAACAGAC-1	HTO5	CD22_A11_int_1411
ACAGTTTAGCATTGCA-1	HTO3	CD22_B1_nonint_2261
ACATAACTCAATCTGG-1	HTO2	CD22_i61_2
ACATACCCACAACATC-1	HTO1	CD22_m971
ACATAGAAGGGGTTTC-1	HTO3	CD22_B1_nonint_2261
ACATAGGCAATTCGAC-1	HTO1	CD22_m971
ACATATATCACTGGCG-1	HTO5	CD22_A11_int_1411
ACATATGGTCCAGCCC-1	HTO2	CD22_i61_2
ACATCACCAAACCGGG-1	HTO5	CD22_A11_int_1411
ACATCATAGAAGGTTA-1	HTO3	CD22_B1_nonint_2261
ACATCCGCAGCGAAAC-1	HTO4	CD22_A3_nonint_4434
ACATGCCAGAACCCAC-1	HTO4	CD22_A3_nonint_4434
ACATGCTCAACCAGAA-1	HTO5	CD22_A11_int_1411
ACCACAGGTCGATGGC-1	HTO5	CD22_A11_int_1411
ACCACATCAAGAAGCC-1	HTO3	CD22_B1_nonint_2261
ACCAGAACACGTAATC-1	HTO4	CD22_A3_nonint_4434
ACCAGAGAGGGGGTAC-1	HTO4	CD22_A3_nonint_4434
ACCAGATGTAACTGCG-1	HTO4	CD22_A3_nonint_4434
ACCAGATGTACAGGCC-1	HTO4	CD22_A3_nonint_4434
ACCAGATGTCGCTATC-1	HTO3	CD22_B1_nonint_2261
ACCATGCAGACAATAG-1	HTO4	CD22_A3_nonint_4434
ACCCACGAGACTTCAG-1	HTO1	CD22_m971
ACCCATCGTGTTATAG-1	HTO5	CD22_A11_int_1411
ACCCATTTCAAGGGGC-1	HTO5	CD22_A11_int_1411
ACCCCAACACTAAATT-1	HTO3	CD22_B1_nonint_2261
ACCCCGAAGGCGTTAC-1	HTO3	CD22_B1_nonint_2261
ACCCGCTTCAGGCCAT-1	HTO1	CD22_m971
ACCCGTACAGCGACAG-1	HTO3	CD22_B1_nonint_2261
ACCCGTACAGTACGAA-1	HTO3	CD22_B1_nonint_2261
ACCCTTAGTCGTCAGA-1	HTO3	CD22_B1_nonint_2261
ACCCTTTAGATTACAC-1	HTO5	CD22_A11_int_1411
ACCTACAAGCTATCGA-1	HTO4	CD22_A3_nonint_4434
ACCTAGTCAACTGCCA-1	HTO4	CD22_A3_nonint_4434
ACCTCCGGTAGAGAAT-1	HTO4	CD22_A3_nonint_4434
ACCTCCGGTCCTATTG-1	HTO5	CD22_A11_int_1411
ACCTGCGAGACCCCAG-1	HTO3	CD22_B1_nonint_2261
ACCTTAGAGGCACCCA-1	HTO4	CD22_A3_nonint_4434
ACCTTGCGTCGCATCT-1	HTO5	CD22_A11_int_1411
ACGAACCTCGCCACTC-1	HTO1	CD22_m971
ACGACCCCACATTCGG-1	HTO4	CD22_A3_nonint_4434
ACGACCCCACCATTAA-1	HTO1	CD22_m971
ACGACCCCAGGACGCA-1	HTO1	CD22_m971
ACGACTATCGTAGATT-1	HTO5	CD22_A11_int_1411
ACGAGACCAGCACGCT-1	HTO4	CD22_A3_nonint_4434
ACGCATATCATGCGTA-1	HTO3	CD22_B1_nonint_2261
ACGCCCAAGCGGCATT-1	HTO2	CD22_i61_2
ACGCCCTTCGTGCTAA-1	HTO5	CD22_A11_int_1411
ACGCCGGGTGGCATTG-1	HTO3	CD22_B1_nonint_2261
ACGCCTCTCACATTCC-1	HTO2	CD22_i61_2
ACGCCTCTCGGAATGG-1	HTO4	CD22_A3_nonint_4434
ACGCTTCGTCATAAGC-1	HTO2	CD22_i61_2
ACGGCAGCAAAATCAA-1	HTO4	CD22_A3_nonint_4434
ACGGCCATCAGGGACA-1	HTO4	CD22_A3_nonint_4434
ACGGTGCGTATCCGGA-1	HTO2	CD22_i61_2
ACGGTGCGTATGGCGC-1	HTO4	CD22_A3_nonint_4434
ACGGTGCGTGTTAAGC-1	HTO4	CD22_A3_nonint_4434
ACGGTTATCGGCCATG-1	HTO5	CD22_A11_int_1411
ACGGTTATCGGCTAAC-1	HTO3	CD22_B1_nonint_2261
ACGGTTATCGGGCATT-1	HTO2	CD22_i61_2
ACGTAATTCCACTCTG-1	HTO4	CD22_A3_nonint_4434
ACGTACTCAATACGGA-1	HTO3	CD22_B1_nonint_2261
ACGTCACAGAAACCCC-1	HTO4	CD22_A3_nonint_4434
ACGTCCGAGCGCACAT-1	HTO5	CD22_A11_int_1411
ACGTCGCCAAAGTCTC-1	HTO2	CD22_i61_2
ACGTCTCGTAAGCCGC-1	HTO3	CD22_B1_nonint_2261
ACGTCTCGTCGGAATT-1	HTO5	CD22_A11_int_1411
ACGTGGTTCACCATCT-1	HTO2	CD22_i61_2
ACGTTATAGCTGGTCG-1	HTO3	CD22_B1_nonint_2261
ACTAACGTCCTATTGC-1	HTO1	CD22_m971
ACTAATCAGGTAAGTA-1	HTO4	CD22_A3_nonint_4434
ACTATAGGTACATCCC-1	HTO5	CD22_A11_int_1411
ACTATATCAGCTGTAT-1	HTO5	CD22_A11_int_1411
ACTATCCTCAGCGGTT-1	HTO2	CD22_i61_2
ACTATGAGTGGTGGAG-1	HTO2	CD22_i61_2
ACTCATCTCATAATCA-1	HTO5	CD22_A11_int_1411
ACTCCGACAAGTAAAC-1	HTO5	CD22_A11_int_1411
ACTCGAGGTCCGGTAA-1	HTO1	CD22_m971
ACTCGAGGTCTACGCT-1	HTO2	CD22_i61_2
ACTCGCACAGGGTGCA-1	HTO5	CD22_A11_int_1411
ACTCTTATCCACTCCA-1	HTO1	CD22_m971
ACTGCATCAAAACGCA-1	HTO2	CD22_i61_2
ACTGCCGAGATTGCAT-1	HTO4	CD22_A3_nonint_4434
ACTGCGTAGAGGAGCC-1	HTO2	CD22_i61_2
ACTGCGTAGCAACGAG-1	HTO3	CD22_B1_nonint_2261
ACTGCGTAGGCGCATT-1	HTO3	CD22_B1_nonint_2261
ACTGGCGTCCCAAAGC-1	HTO1	CD22_m971
ACTGGGGCAAGAGGTC-1	HTO1	CD22_m971
ACTGTCGCACATTCCC-1	HTO2	CD22_i61_2
ACTGTTGAGCCTGATA-1	HTO2	CD22_i61_2
ACTTAACAGAACAGAC-1	HTO1	CD22_m971
ACTTAGCCAAACGTTC-1	HTO1	CD22_m971
ACTTATCGTCTCCGGC-1	HTO4	CD22_A3_nonint_4434
ACTTGCCGTCAGTTGG-1	HTO2	CD22_i61_2
ACTTGTGAGCTTCGTT-1	HTO3	CD22_B1_nonint_2261
ACTTTCGGTCCAACTC-1	HTO3	CD22_B1_nonint_2261
ACTTTGGAGGCTGTTA-1	HTO1	CD22_m971
AGAATAGTCATCTCCG-1	HTO1	CD22_m971
AGAATCAAGCCTGGTG-1	HTO5	CD22_A11_int_1411
AGACATAAGATCGCGT-1	HTO1	CD22_m971
AGACATAAGCACAGGA-1	HTO3	CD22_B1_nonint_2261
AGACTTGTCGTGTCGG-1	HTO5	CD22_A11_int_1411
AGAGGCGGTGTCGCGG-1	HTO3	CD22_B1_nonint_2261
AGAGTAATCGCTTCGC-1	HTO2	CD22_i61_2
AGCAACGAGCGTGTTA-1	HTO1	CD22_m971
AGCAGCAAGCCTGATA-1	HTO5	CD22_A11_int_1411
AGCATAGCAAAGGACC-1	HTO5	CD22_A11_int_1411
AGCATTTAGCATTGCA-1	HTO5	CD22_A11_int_1411
AGCCAACTCCCGTAAA-1	HTO1	CD22_m971
AGCCAGCGTAGGTTGT-1	HTO3	CD22_B1_nonint_2261
AGCCCCAAGACAGCGA-1	HTO2	CD22_i61_2
AGCCCCAAGGCTTGTA-1	HTO3	CD22_B1_nonint_2261
AGCCCCTTCGCACCCT-1	HTO4	CD22_A3_nonint_4434
AGCCCCTTCGCGCCTT-1	HTO4	CD22_A3_nonint_4434
AGCCGAGCAAACCGAA-1	HTO4	CD22_A3_nonint_4434
AGCCGTTAGATGGGCA-1	HTO1	CD22_m971
AGCCTCCTCCTCCTTC-1	HTO1	CD22_m971
AGCCTCTGTAATCCGG-1	HTO3	CD22_B1_nonint_2261
AGCGCCTCAATGGGAC-1	HTO3	CD22_B1_nonint_2261
AGCGGACAGATGCTCA-1	HTO4	CD22_A3_nonint_4434
AGCGGACAGGGGATCA-1	HTO1	CD22_m971
AGCGGAGGTGGACCGT-1	HTO1	CD22_m971
AGCGGTCGTAGCGGGA-1	HTO5	CD22_A11_int_1411
AGCGTAGAGCTGCGTG-1	HTO2	CD22_i61_2
AGCGTGAAGGCGGTAA-1	HTO3	CD22_B1_nonint_2261
AGCTGATGTGGAAATG-1	HTO4	CD22_A3_nonint_4434
AGCTGGCGTATCCAGG-1	HTO1	CD22_m971
AGCTGTATCACACACA-1	HTO3	CD22_B1_nonint_2261
AGCTGTGGTAACCGCA-1	HTO1	CD22_m971
AGCTTCGCAGCCCTAA-1	HTO4	CD22_A3_nonint_4434
AGCTTGCAGCAAGAGT-1	HTO1	CD22_m971
AGCTTTACAATAACTT-1	HTO1	CD22_m971
AGCTTTACAGTGCAGG-1	HTO5	CD22_A11_int_1411
AGCTTTGAGAATGTTC-1	HTO4	CD22_A3_nonint_4434
AGGAATGGTGCATGGC-1	HTO3	CD22_B1_nonint_2261
AGGAATTCAACTGTCG-1	HTO4	CD22_A3_nonint_4434
AGGACACCACAGCGTC-1	HTO3	CD22_B1_nonint_2261
AGGACCAAGCACTTAG-1	HTO2	CD22_i61_2
AGGACCAAGCTGACGT-1	HTO1	CD22_m971
AGGACCCGTAATCGCG-1	HTO2	CD22_i61_2
AGGACCGCACCCACAA-1	HTO1	CD22_m971
AGGAGGTGTGCTAAGT-1	HTO4	CD22_A3_nonint_4434
AGGATTAAGCGGTCCA-1	HTO5	CD22_A11_int_1411
AGGATTAAGCGTAGAG-1	HTO5	CD22_A11_int_1411
AGGCACAAGAGCCGAA-1	HTO3	CD22_B1_nonint_2261
AGGCACGCAACGTGGG-1	HTO3	CD22_B1_nonint_2261
AGGCACGCACCCAAGC-1	HTO4	CD22_A3_nonint_4434
AGGCAGGGTGGACTAT-1	HTO1	CD22_m971
AGGCCCGGTAAACGCT-1	HTO5	CD22_A11_int_1411
AGGCCGACACCTGCAA-1	HTO2	CD22_i61_2
AGGCCGTGTAAGCGCC-1	HTO3	CD22_B1_nonint_2261
AGGCTGTTCGGCCAAT-1	HTO3	CD22_B1_nonint_2261
AGGGACTCAGCAGTAA-1	HTO4	CD22_A3_nonint_4434
AGGGCATCACACTGCA-1	HTO3	CD22_B1_nonint_2261
AGGGCGAGTCGTCAGA-1	HTO5	CD22_A11_int_1411
AGGGGCTAGAATTACC-1	HTO1	CD22_m971
AGGGGTATCATACCCT-1	HTO3	CD22_B1_nonint_2261
AGGGGTATCCATTCAC-1	HTO3	CD22_B1_nonint_2261
AGGGGTATCGCGACAT-1	HTO5	CD22_A11_int_1411
AGGGTTCTCGTATAGT-1	HTO5	CD22_A11_int_1411
AGGTATAAGATAAGCA-1	HTO5	CD22_A11_int_1411
AGGTGATAGGGACTGA-1	HTO3	CD22_B1_nonint_2261
AGGTTCATCCTCGGGA-1	HTO2	CD22_i61_2
AGGTTCTCAGGACACG-1	HTO5	CD22_A11_int_1411
AGTAACGCAACTGAGA-1	HTO4	CD22_A3_nonint_4434
AGTAAGCAGGCGGAGT-1	HTO4	CD22_A3_nonint_4434
AGTACGGAGCCACGAT-1	HTO3	CD22_B1_nonint_2261
AGTATAACACCTCTCG-1	HTO5	CD22_A11_int_1411
AGTATCCCAGTGCGAG-1	HTO5	CD22_A11_int_1411
AGTATCGTCCCGAATA-1	HTO2	CD22_i61_2
AGTATCGTCCTGTACT-1	HTO1	CD22_m971
AGTATTATCAAAGCAA-1	HTO2	CD22_i61_2
AGTCCATCACAGCAGG-1	HTO3	CD22_B1_nonint_2261
AGTCGCGTCAGTCGCG-1	HTO2	CD22_i61_2
AGTCGGGCACTAATCA-1	HTO4	CD22_A3_nonint_4434
AGTCTTGAGACAATGA-1	HTO5	CD22_A11_int_1411
AGTGATTTCACGTCCC-1	HTO2	CD22_i61_2
AGTGCAACAGTATCAC-1	HTO3	CD22_B1_nonint_2261
AGTGGCAAGCATGTAT-1	HTO2	CD22_i61_2
AGTGGCGCAAAGGGAG-1	HTO4	CD22_A3_nonint_4434
AGTGGCGCACTAAAGG-1	HTO1	CD22_m971
AGTGGGCAGGTATGGG-1	HTO4	CD22_A3_nonint_4434
AGTGGGTCACTATCCC-1	HTO4	CD22_A3_nonint_4434
AGTTAAGAGGCGTCAT-1	HTO2	CD22_i61_2
AGTTAGAAGACGTATT-1	HTO4	CD22_A3_nonint_4434
AGTTAGTTCACGCATA-1	HTO4	CD22_A3_nonint_4434
AGTTAGTTCCTGTTAC-1	HTO4	CD22_A3_nonint_4434
AGTTGAGCAAGCATTC-1	HTO4	CD22_A3_nonint_4434
AGTTGCCAGGGAATCG-1	HTO5	CD22_A11_int_1411
AGTTGTGTCAGGCTTA-1	HTO4	CD22_A3_nonint_4434
AGTTTCACAAGACAGC-1	HTO2	CD22_i61_2
ATAACCCCAGGGTCAG-1	HTO1	CD22_m971
ATAAGCTTCCATACCT-1	HTO1	CD22_m971
ATAAGGGGTATCAGTA-1	HTO5	CD22_A11_int_1411
ATAAGTACAGCTACGC-1	HTO2	CD22_i61_2
ATAATGCTCGTGCGCA-1	HTO4	CD22_A3_nonint_4434
ATACAGCGTGTAAAGG-1	HTO5	CD22_A11_int_1411
ATACCCAAGAACGATA-1	HTO1	CD22_m971
ATACCTACACCGTTTC-1	HTO4	CD22_A3_nonint_4434
ATACGAAAGAGCATGG-1	HTO3	CD22_B1_nonint_2261
ATACGGACAACGCGAG-1	HTO3	CD22_B1_nonint_2261
ATACGGACACCGCTAA-1	HTO4	CD22_A3_nonint_4434
ATACGGTGTCTCGATC-1	HTO5	CD22_A11_int_1411
ATACGTAGTAGTATGC-1	HTO2	CD22_i61_2
ATACGTCCACACGTCA-1	HTO5	CD22_A11_int_1411
ATACGTCCACTAACCG-1	HTO4	CD22_A3_nonint_4434
ATACTAATCGGCGATT-1	HTO3	CD22_B1_nonint_2261
ATACTAGGTGCTCTGT-1	HTO3	CD22_B1_nonint_2261
ATACTCCTCAGTGGCT-1	HTO4	CD22_A3_nonint_4434
ATACTTCGTGGACTAT-1	HTO2	CD22_i61_2
ATAGGCGAGAATTGAG-1	HTO5	CD22_A11_int_1411
ATAGGCTGTACCCTTA-1	HTO3	CD22_B1_nonint_2261
ATAGGGGTCCCATTCG-1	HTO4	CD22_A3_nonint_4434
ATAGTAACAAGCGCAG-1	HTO3	CD22_B1_nonint_2261
ATAGTCAGTAAGGTCT-1	HTO3	CD22_B1_nonint_2261
ATATACCAGGCTCTAA-1	HTO4	CD22_A3_nonint_4434
ATATCATCAGCAACTT-1	HTO3	CD22_B1_nonint_2261
ATATGAGAGCTATGGC-1	HTO3	CD22_B1_nonint_2261
ATATTCCGTATGTCGG-1	HTO3	CD22_B1_nonint_2261
ATATTGGGTATGGAGA-1	HTO4	CD22_A3_nonint_4434
ATATTGGGTCGCAAAT-1	HTO3	CD22_B1_nonint_2261
ATCAATATCACGACAC-1	HTO2	CD22_i61_2
ATCACCCGTATTGAGC-1	HTO2	CD22_i61_2
ATCAGAGCAAGCGCTC-1	HTO1	CD22_m971
ATCAGAGCACGATGGG-1	HTO2	CD22_i61_2
ATCAGCTCACATCTCC-1	HTO3	CD22_B1_nonint_2261
ATCAGGCTCCGTTTAC-1	HTO1	CD22_m971
ATCATCTGTGGCTTGA-1	HTO5	CD22_A11_int_1411
ATCCAACCAGCAGGAT-1	HTO4	CD22_A3_nonint_4434
ATCCCCATCGCGACAT-1	HTO2	CD22_i61_2
ATCCCGACACATATCA-1	HTO2	CD22_i61_2
ATCCGGAGTAGGAGGT-1	HTO5	CD22_A11_int_1411
ATCCGTTTCATCTCTA-1	HTO5	CD22_A11_int_1411
ATCCGTTTCATTATCT-1	HTO4	CD22_A3_nonint_4434
ATCCTACTCGTGTCAA-1	HTO3	CD22_B1_nonint_2261
ATCCTTATCACGGTTA-1	HTO3	CD22_B1_nonint_2261
ATCGACCAGATACAGA-1	HTO1	CD22_m971
ATCGCCACAGTATTCA-1	HTO4	CD22_A3_nonint_4434
ATCGCGAGTCCGTCGC-1	HTO4	CD22_A3_nonint_4434
ATCGCGCCAAGGTTAG-1	HTO2	CD22_i61_2
ATCGGCGTCCCTTAGT-1	HTO2	CD22_i61_2
ATCGGGGCAACAGCGG-1	HTO5	CD22_A11_int_1411
ATCGGGGCAGCAGCCT-1	HTO3	CD22_B1_nonint_2261
ATCGTATAGCACAGCT-1	HTO2	CD22_i61_2
ATCTCGCGTCCTAGTC-1	HTO3	CD22_B1_nonint_2261
ATCTGCAAGAGTTGCC-1	HTO5	CD22_A11_int_1411
ATCTGGGGTCGTTAGG-1	HTO4	CD22_A3_nonint_4434
ATCTGTTGTCATGGGC-1	HTO1	CD22_m971
ATCTTAGCACAGCATT-1	HTO1	CD22_m971
ATCTTCCAGAGGCGTA-1	HTO3	CD22_B1_nonint_2261
ATCTTGGAGCTAAATC-1	HTO4	CD22_A3_nonint_4434
ATGAAAGTCATGGTGC-1	HTO3	CD22_B1_nonint_2261
ATGAAGCAGCAGGGGT-1	HTO1	CD22_m971
ATGAAGGGTAGTCCAG-1	HTO2	CD22_i61_2
ATGAATCTCACACACA-1	HTO2	CD22_i61_2
ATGACAGCACAGGACG-1	HTO5	CD22_A11_int_1411
ATGAGGAGTAGGATTC-1	HTO5	CD22_A11_int_1411
ATGAGGAGTGGGATAA-1	HTO4	CD22_A3_nonint_4434
ATGATCCCACTCATAA-1	HTO1	CD22_m971
ATGATCCCAGTCAAGA-1	HTO4	CD22_A3_nonint_4434
ATGCACTCACTTGACG-1	HTO4	CD22_A3_nonint_4434
ATGCAGCTCGCCAATA-1	HTO4	CD22_A3_nonint_4434
ATGCAGTGTGTTCGCT-1	HTO5	CD22_A11_int_1411
ATGCCACAGACCTGTA-1	HTO4	CD22_A3_nonint_4434
ATGCCAGGTCTGTGAG-1	HTO3	CD22_B1_nonint_2261
ATGCCGCCAAGTGGCG-1	HTO4	CD22_A3_nonint_4434
ATGCGATGTGGATATC-1	HTO4	CD22_A3_nonint_4434
ATGCGGAAGACGTTAT-1	HTO1	CD22_m971
ATGCGGAAGCAATGCC-1	HTO3	CD22_B1_nonint_2261
ATGCGGGCAGCGAAAC-1	HTO4	CD22_A3_nonint_4434
ATGCGGTTCAACTCCT-1	HTO5	CD22_A11_int_1411
ATGCGGTTCATCGCCC-1	HTO4	CD22_A3_nonint_4434
ATGCTACCACTAACTA-1	HTO4	CD22_A3_nonint_4434
ATGGACACAAGGATAT-1	HTO4	CD22_A3_nonint_4434
ATGGACACACCCTAGA-1	HTO2	CD22_i61_2
ATGGACCTCAGGGTTC-1	HTO1	CD22_m971
ATGGCCAGTCGTTGCT-1	HTO5	CD22_A11_int_1411
ATGGCCGTCCAGGTGT-1	HTO2	CD22_i61_2
ATGGCCGTCCTCAGCC-1	HTO3	CD22_B1_nonint_2261
ATGGCGCGTCAGTAGT-1	HTO3	CD22_B1_nonint_2261
ATGGCGCGTGGGTCTA-1	HTO4	CD22_A3_nonint_4434
ATGGCGTTCAACGTAT-1	HTO2	CD22_i61_2
ATGGCTATCACTCATC-1	HTO5	CD22_A11_int_1411
ATGGTAAAGCTGTACA-1	HTO3	CD22_B1_nonint_2261
ATGGTAGCAACGTTCG-1	HTO4	CD22_A3_nonint_4434
ATGGTAGCACCTACGA-1	HTO5	CD22_A11_int_1411
ATGTATTCAACAATCC-1	HTO2	CD22_i61_2
ATGTCCTTCCCATTCG-1	HTO1	CD22_m971
ATGTGGCTCGTAGCTA-1	HTO5	CD22_A11_int_1411
ATGTGTCCAGTTAACC-1	HTO4	CD22_A3_nonint_4434
ATGTGTTAGCCTGTGG-1	HTO4	CD22_A3_nonint_4434
ATGTTGAGTATGTCGG-1	HTO2	CD22_i61_2
ATTAAAGCAGCGGGTA-1	HTO4	CD22_A3_nonint_4434
ATTAACTCAGCAGCCT-1	HTO4	CD22_A3_nonint_4434
ATTAAGACAATGCTTA-1	HTO2	CD22_i61_2
ATTACCACAACTCCGA-1	HTO5	CD22_A11_int_1411
ATTACCGAGAGGCCAA-1	HTO3	CD22_B1_nonint_2261
ATTACCGAGCAGCGAA-1	HTO5	CD22_A11_int_1411
ATTACGTAGCTGATTG-1	HTO2	CD22_i61_2
ATTATCGCAAGCGCGA-1	HTO2	CD22_i61_2
ATTATGGGTCTCGGTT-1	HTO2	CD22_i61_2
ATTCGATAGCAAATTC-1	HTO4	CD22_A3_nonint_4434
ATTCGGGGTGTGGTGC-1	HTO2	CD22_i61_2
ATTCGTACACGCAGCT-1	HTO5	CD22_A11_int_1411
ATTCGTTGTATAGTCA-1	HTO5	CD22_A11_int_1411
ATTCGTTGTGTAACGT-1	HTO3	CD22_B1_nonint_2261
ATTGACCCAAGCTGCC-1	HTO5	CD22_A11_int_1411
ATTGCCCGTGCCCTAT-1	HTO4	CD22_A3_nonint_4434
ATTGCGGGTCACGGCG-1	HTO3	CD22_B1_nonint_2261
ATTGCTACAAAATGAC-1	HTO1	CD22_m971
ATTGGCATCCTTAATT-1	HTO4	CD22_A3_nonint_4434
ATTGGTAGTACTTTCG-1	HTO1	CD22_m971
ATTGTCCTCGGGCATT-1	HTO3	CD22_B1_nonint_2261
ATTGTGGTCGCACTAA-1	HTO4	CD22_A3_nonint_4434
CAAACCATCGCTCATT-1	HTO4	CD22_A3_nonint_4434
CAAACCCAGAACTTCG-1	HTO1	CD22_m971
CAAACCCAGACATGTT-1	HTO3	CD22_B1_nonint_2261
CAAACGGAGAGGACGC-1	HTO5	CD22_A11_int_1411
CAAATGGCAGCGGTAG-1	HTO3	CD22_B1_nonint_2261
CAACTACCACGGCACT-1	HTO3	CD22_B1_nonint_2261
CAAGACGAGGTCAATT-1	HTO3	CD22_B1_nonint_2261
CAAGATAAGGTGAGTG-1	HTO3	CD22_B1_nonint_2261
CAAGCGTTCACCCATT-1	HTO4	CD22_A3_nonint_4434
CAAGGGCAGAGGGCGT-1	HTO4	CD22_A3_nonint_4434
CAAGGGCAGATGAAGC-1	HTO5	CD22_A11_int_1411
CAAGGGCAGGTAATTC-1	HTO3	CD22_B1_nonint_2261
CAAGTATTCGGATGTC-1	HTO4	CD22_A3_nonint_4434
CAAGTGCTCGGCTCTC-1	HTO5	CD22_A11_int_1411
CAAGTTAGTCTACTGC-1	HTO2	CD22_i61_2
CAAGTTTAGCCTAGCG-1	HTO1	CD22_m971
CAAGTTTAGCTAGCGT-1	HTO1	CD22_m971
CAATATATCATCAATA-1	HTO2	CD22_i61_2
CAATCACCAGTCACGC-1	HTO2	CD22_i61_2
CAATCCCGTAAACCGT-1	HTO3	CD22_B1_nonint_2261
CAATCCCGTATGCGGC-1	HTO4	CD22_A3_nonint_4434
CAATCCGCAGTGCAGG-1	HTO3	CD22_B1_nonint_2261
CAATGCCAGGTCCAGT-1	HTO4	CD22_A3_nonint_4434
CAATTACAGCAAGGGC-1	HTO2	CD22_i61_2
CAATTATCAAGGCACG-1	HTO1	CD22_m971
CAATTCGAGCATCTAG-1	HTO5	CD22_A11_int_1411
CAATTGTAGCGGTCCA-1	HTO4	CD22_A3_nonint_4434
CACAAGACAGGAAGCT-1	HTO5	CD22_A11_int_1411
CACAATCCAAGACAGC-1	HTO5	CD22_A11_int_1411
CACACCCTCATCCCGC-1	HTO3	CD22_B1_nonint_2261
CACAGGTTCCGAAACC-1	HTO4	CD22_A3_nonint_4434
CACATGGGTAGAGGGT-1	HTO1	CD22_m971
CACCAACAGACATAAG-1	HTO5	CD22_A11_int_1411
CACCACGAGCTCTAGA-1	HTO4	CD22_A3_nonint_4434
CACCCAGAGCGATGAG-1	HTO5	CD22_A11_int_1411
CACCCGAAGAGTATTC-1	HTO1	CD22_m971
CACCCGCGTAGGCATT-1	HTO3	CD22_B1_nonint_2261
CACCCTATCAGCACGT-1	HTO4	CD22_A3_nonint_4434
CACCCTATCGCTCTAT-1	HTO2	CD22_i61_2
CACCGCTTCATAGTGT-1	HTO3	CD22_B1_nonint_2261
CACCGTTGTCGTTGGA-1	HTO4	CD22_A3_nonint_4434
CACCTAAAGCGATTGC-1	HTO4	CD22_A3_nonint_4434
CACGAGTTCAATGTGT-1	HTO4	CD22_A3_nonint_4434
CACGAGTTCACACGGT-1	HTO4	CD22_A3_nonint_4434
CACGAGTTCACTCGCC-1	HTO3	CD22_B1_nonint_2261
CACGCACCAGTCTCGA-1	HTO4	CD22_A3_nonint_4434
CACGCCAAGCCCACGA-1	HTO4	CD22_A3_nonint_4434
CACGCCCGTACGCGCG-1	HTO1	CD22_m971
CACGCCCGTACTCAGG-1	HTO5	CD22_A11_int_1411
CACGGAAAGCCATAAT-1	HTO5	CD22_A11_int_1411
CACGTAATCACTCCAT-1	HTO1	CD22_m971
CACGTAGGTCCATAGG-1	HTO4	CD22_A3_nonint_4434
CACGTCACAGGAGCCA-1	HTO5	CD22_A11_int_1411
CACGTTCGTCCGAATG-1	HTO5	CD22_A11_int_1411
CACTACGCAAAGTCTC-1	HTO4	CD22_A3_nonint_4434
CACTACGCACTGCACA-1	HTO4	CD22_A3_nonint_4434
CACTATACAGCGACCT-1	HTO4	CD22_A3_nonint_4434
CACTCAAAGGTCCAGT-1	HTO3	CD22_B1_nonint_2261
CACTCAGCAATACACC-1	HTO4	CD22_A3_nonint_4434
CACTCTCCACAGTCAT-1	HTO5	CD22_A11_int_1411
CACTTCGTCACTCCCA-1	HTO1	CD22_m971
CAGCAACTCATAACTA-1	HTO5	CD22_A11_int_1411
CAGCAACTCCAACACA-1	HTO2	CD22_i61_2
CAGCATATCCCATCGC-1	HTO3	CD22_B1_nonint_2261
CAGCATGGTGTGTATA-1	HTO5	CD22_A11_int_1411
CAGCCATAGGGCTTCG-1	HTO4	CD22_A3_nonint_4434
CAGCCCCGTAAGCATC-1	HTO5	CD22_A11_int_1411
CAGCCTCTCATGGCGT-1	HTO5	CD22_A11_int_1411
CAGCGGACACTAAGTC-1	HTO2	CD22_i61_2
CAGCTACAGCGAATTT-1	HTO1	CD22_m971
CAGCTTCGTCAAAGGA-1	HTO5	CD22_A11_int_1411
CAGCTTCGTCGACGGT-1	HTO5	CD22_A11_int_1411
CAGGCCGGTGGCTTCT-1	HTO4	CD22_A3_nonint_4434
CAGGCGTGTAACATGC-1	HTO2	CD22_i61_2
CAGGGTTTCATCTCAC-1	HTO3	CD22_B1_nonint_2261
CAGTAATTCACGGTCG-1	HTO2	CD22_i61_2
CAGTACATCCTTCTAA-1	HTO4	CD22_A3_nonint_4434
CAGTAGGAGCCGTCGA-1	HTO4	CD22_A3_nonint_4434
CAGTAGTGTGTGGATT-1	HTO2	CD22_i61_2
CAGTGCAGTCGTATAA-1	HTO1	CD22_m971
CAGTTAAGTGGTCTAG-1	HTO4	CD22_A3_nonint_4434
CAGTTCCGTAGTACGT-1	HTO4	CD22_A3_nonint_4434
CATAACCCACGATGTT-1	HTO2	CD22_i61_2
CATAAGTTCACTCCTG-1	HTO4	CD22_A3_nonint_4434
CATAAGTTCCCTTGTG-1	HTO3	CD22_B1_nonint_2261
CATAATCAGCATGCAC-1	HTO2	CD22_i61_2
CATACAAGTAGGCCCG-1	HTO5	CD22_A11_int_1411
CATACATAGCATGTCA-1	HTO4	CD22_A3_nonint_4434
CATACGGGTAACTGCG-1	HTO1	CD22_m971
CATACGGGTACGGTTG-1	HTO3	CD22_B1_nonint_2261
CATACTTGTACGCAAT-1	HTO3	CD22_B1_nonint_2261
CATAGCCAGCAAGATA-1	HTO1	CD22_m971
CATATCGAGCATAGCC-1	HTO3	CD22_B1_nonint_2261
CATATGGTCGGAGCTT-1	HTO3	CD22_B1_nonint_2261
CATCAATAGCGCATCG-1	HTO3	CD22_B1_nonint_2261
CATCTACTCATACCTC-1	HTO4	CD22_A3_nonint_4434
CATCTGTTCGCACCTC-1	HTO1	CD22_m971
CATGCCACAATAAGTA-1	HTO4	CD22_A3_nonint_4434
CATGCCGAGCATATCG-1	HTO2	CD22_i61_2
CATGCTTTCCAATTAA-1	HTO5	CD22_A11_int_1411
CATGGAGAGATGGAGT-1	HTO4	CD22_A3_nonint_4434
CATGGATGTCTTATGT-1	HTO4	CD22_A3_nonint_4434
CATGGGGCAGTAAGAT-1	HTO5	CD22_A11_int_1411
CATGGGTTCACCTCAT-1	HTO2	CD22_i61_2
CATGGTTCAAGTGCAA-1	HTO5	CD22_A11_int_1411
CATGTATAGGCGGTTT-1	HTO5	CD22_A11_int_1411
CATGTCAAGACATTCG-1	HTO4	CD22_A3_nonint_4434
CATTAACAGAACCCGT-1	HTO2	CD22_i61_2
CATTAGTAGGGCTAAG-1	HTO2	CD22_i61_2
CATTCCAGTCAGTTAA-1	HTO2	CD22_i61_2
CATTCCCCACACCGTA-1	HTO5	CD22_A11_int_1411
CATTGGGGTGGACGGA-1	HTO5	CD22_A11_int_1411
CATTTCGGTCGTTCGT-1	HTO3	CD22_B1_nonint_2261
CCAAAGGAGAGCGTGA-1	HTO1	CD22_m971
CCAAATCCAAAATCTT-1	HTO5	CD22_A11_int_1411
CCAACAGGTGTTGTGG-1	HTO5	CD22_A11_int_1411
CCAACCGAGGCTTCAA-1	HTO2	CD22_i61_2
CCAACTTTCCGAATCA-1	HTO5	CD22_A11_int_1411
CCAAGGGCAAAGTACG-1	HTO4	CD22_A3_nonint_4434
CCAATAGTCATAACTA-1	HTO4	CD22_A3_nonint_4434
CCAATAGTCCAAGACC-1	HTO3	CD22_B1_nonint_2261
CCAATTACAGGTTTCG-1	HTO4	CD22_A3_nonint_4434
CCACAGGTCAATGTTA-1	HTO4	CD22_A3_nonint_4434
CCACATTTCCTTCATA-1	HTO2	CD22_i61_2
CCACTAAAGGGAGAGG-1	HTO5	CD22_A11_int_1411
CCACTATTCATAATGC-1	HTO3	CD22_B1_nonint_2261
CCACTATTCCAATATA-1	HTO5	CD22_A11_int_1411
CCACTATTCCATATGG-1	HTO4	CD22_A3_nonint_4434
CCACTGACAAGGACCG-1	HTO2	CD22_i61_2
CCAGCCCGTATACAGC-1	HTO2	CD22_i61_2
CCAGCTCTCAAACCCA-1	HTO5	CD22_A11_int_1411
CCAGGGACAACTGCAT-1	HTO4	CD22_A3_nonint_4434
CCAGGGTGTACTATGA-1	HTO2	CD22_i61_2
CCAGGTAGTCTAACCC-1	HTO1	CD22_m971
CCAGGTTAGGTCCGAT-1	HTO1	CD22_m971
CCAGTACAGATGAGGT-1	HTO3	CD22_B1_nonint_2261
CCAGTGAGTGGGTAGG-1	HTO2	CD22_i61_2
CCATAACCAAGTACTC-1	HTO1	CD22_m971
CCATGACAGCCATTAG-1	HTO4	CD22_A3_nonint_4434
CCATGCCTCCACTTAC-1	HTO2	CD22_i61_2
CCATGCTGTCTAATTC-1	HTO1	CD22_m971
CCATTCAGTCCAACGA-1	HTO4	CD22_A3_nonint_4434
CCATTCGTCCCACTAT-1	HTO1	CD22_m971
CCATTGAAGATTCACG-1	HTO4	CD22_A3_nonint_4434
CCATTGAAGCCAGTAC-1	HTO1	CD22_m971
CCCAAATCAGTCCGTA-1	HTO2	CD22_i61_2
CCCAACGAGACATAGA-1	HTO5	CD22_A11_int_1411
CCCAAGCCAAGTCATC-1	HTO5	CD22_A11_int_1411
CCCAAGTAGCCGATAC-1	HTO3	CD22_B1_nonint_2261
CCCAGCTTCATCAATA-1	HTO2	CD22_i61_2
CCCTAGACAACACGCC-1	HTO2	CD22_i61_2
CCCTGATGTAACGCAT-1	HTO5	CD22_A11_int_1411
CCCTTACCAACCTCTC-1	HTO5	CD22_A11_int_1411
CCGAAATGTCCTTAGC-1	HTO4	CD22_A3_nonint_4434
CCGAATATCACGATAT-1	HTO4	CD22_A3_nonint_4434
CCGACAAGTAAATCTG-1	HTO4	CD22_A3_nonint_4434
CCGACTACACAAATCC-1	HTO3	CD22_B1_nonint_2261
CCGCAATAGGGTGTTC-1	HTO2	CD22_i61_2
CCGCATCTCCCACTTG-1	HTO3	CD22_B1_nonint_2261
CCGCATCTCCGCATGG-1	HTO3	CD22_B1_nonint_2261
CCGCATCTCGGTGCAT-1	HTO4	CD22_A3_nonint_4434
CCGCATCTCGTCAAGC-1	HTO4	CD22_A3_nonint_4434
CCGCATTGTCTCATAT-1	HTO2	CD22_i61_2
CCGCTATGTGGCGATC-1	HTO1	CD22_m971
CCGCTGAAGGGCTAAG-1	HTO5	CD22_A11_int_1411
CCGCTGTTCAGAGAAC-1	HTO3	CD22_B1_nonint_2261
CCGGACTCAACAGACA-1	HTO2	CD22_i61_2
CCGGATTAGACCCACG-1	HTO4	CD22_A3_nonint_4434
CCGGCAATCCGGTCGA-1	HTO2	CD22_i61_2
CCGTAACAGCTGGCAT-1	HTO3	CD22_B1_nonint_2261
CCGTCCAGTAACCCGA-1	HTO4	CD22_A3_nonint_4434
CCGTGTTGTAACGAGA-1	HTO2	CD22_i61_2
CCGTTAGCAAAACTAA-1	HTO5	CD22_A11_int_1411
CCGTTAGCACGCCATA-1	HTO3	CD22_B1_nonint_2261
CCGTTAGCACGTTAGT-1	HTO5	CD22_A11_int_1411
CCGTTGTGTCGCTGCC-1	HTO1	CD22_m971
CCGTTTAGTGGTTTGG-1	HTO5	CD22_A11_int_1411
CCGTTTCCAAGGGCAT-1	HTO4	CD22_A3_nonint_4434
CCTAAACCAAAGTATA-1	HTO4	CD22_A3_nonint_4434
CCTAAGCAGATGGGCA-1	HTO2	CD22_i61_2
CCTACCTCAGTTAATT-1	HTO3	CD22_B1_nonint_2261
CCTAGCACAACCATAC-1	HTO4	CD22_A3_nonint_4434
CCTAGCACACGGTCGT-1	HTO3	CD22_B1_nonint_2261
CCTAGCGAGAATGTAG-1	HTO4	CD22_A3_nonint_4434
CCTAGCTGTAACCCGA-1	HTO2	CD22_i61_2
CCTAGTAAGACTCGAC-1	HTO1	CD22_m971
CCTAGTCGTATGCCGA-1	HTO2	CD22_i61_2
CCTATGCGTAAGTAGG-1	HTO4	CD22_A3_nonint_4434
CCTCACCAGACAACGG-1	HTO1	CD22_m971
CCTCTCGCAGTATGTC-1	HTO5	CD22_A11_int_1411
CCTCTTGAGCTACAGC-1	HTO3	CD22_B1_nonint_2261
CCTCTTGAGGCTTTAG-1	HTO5	CD22_A11_int_1411
CCTGATCGTCTCTAAT-1	HTO3	CD22_B1_nonint_2261
CCTGCTATCACAGGCT-1	HTO3	CD22_B1_nonint_2261
CCTGGTGAGGCTGTCG-1	HTO3	CD22_B1_nonint_2261
CCTGTACGTCGATTCC-1	HTO4	CD22_A3_nonint_4434
CCTTAACTCCCCTAAT-1	HTO5	CD22_A11_int_1411
CCTTACCCAGCCTGAC-1	HTO4	CD22_A3_nonint_4434
CCTTAGCGTCGACGGT-1	HTO2	CD22_i61_2
CCTTAGTTCACGTCGG-1	HTO4	CD22_A3_nonint_4434
CCTTATCAGAAGTAGC-1	HTO1	CD22_m971
CCTTCCCGTCCAACGA-1	HTO5	CD22_A11_int_1411
CCTTGCCAGCACCGCA-1	HTO5	CD22_A11_int_1411
CCTTTCGAGCAAGCGA-1	HTO5	CD22_A11_int_1411
CGAAACGAGCGTTTGA-1	HTO5	CD22_A11_int_1411
CGAACGGCAGGGCTAG-1	HTO5	CD22_A11_int_1411
CGAAGTGAGACCTGCG-1	HTO5	CD22_A11_int_1411
CGAAGTGAGACTCAGC-1	HTO4	CD22_A3_nonint_4434
CGAATGCTCGTTCGGG-1	HTO1	CD22_m971
CGAATTGTCGCACCCT-1	HTO4	CD22_A3_nonint_4434
CGAGCGACACGTCTAG-1	HTO3	CD22_B1_nonint_2261
CGAGGAGGTGGAGTAA-1	HTO4	CD22_A3_nonint_4434
CGAGGCTGTAACTTCT-1	HTO5	CD22_A11_int_1411
CGAGTGTTCGCTTCTG-1	HTO5	CD22_A11_int_1411
CGATAATTCGCAACGT-1	HTO4	CD22_A3_nonint_4434
CGATCAATCCATTGCT-1	HTO5	CD22_A11_int_1411
CGATCGGTCCGTACAA-1	HTO3	CD22_B1_nonint_2261
CGATGATGTGTAGTGT-1	HTO5	CD22_A11_int_1411
CGATGGGCACTAATAT-1	HTO1	CD22_m971
CGATGGTTCGTTATGG-1	HTO2	CD22_i61_2
CGATTATAGACCCTAA-1	HTO2	CD22_i61_2
CGATTATAGGGGAATT-1	HTO4	CD22_A3_nonint_4434
CGATTGGGTCGGTGTA-1	HTO3	CD22_B1_nonint_2261
CGATTTACAAGTAACG-1	HTO3	CD22_B1_nonint_2261
CGATTTACAGGAAAGG-1	HTO4	CD22_A3_nonint_4434
CGATTTGAGACCCACG-1	HTO4	CD22_A3_nonint_4434
CGCACCCGTGGTAATC-1	HTO2	CD22_i61_2
CGCAGCTCAGGGTTCC-1	HTO3	CD22_B1_nonint_2261
CGCATAATCCGTATAG-1	HTO1	CD22_m971
CGCATCGAGAAACGTA-1	HTO1	CD22_m971
CGCATCGAGAGGGTGC-1	HTO5	CD22_A11_int_1411
CGCATTAAGAGACGCA-1	HTO4	CD22_A3_nonint_4434
CGCCACAAGACTACAT-1	HTO2	CD22_i61_2
CGCCCTAGTCCCAAAG-1	HTO1	CD22_m971
CGCGACTCACGTCAAT-1	HTO5	CD22_A11_int_1411
CGCGTCAAGAACCCAC-1	HTO3	CD22_B1_nonint_2261
CGCGTTACAGGTACAA-1	HTO4	CD22_A3_nonint_4434
CGCTGCAAGCATGCGT-1	HTO2	CD22_i61_2
CGCTTGGAGAACACCC-1	HTO5	CD22_A11_int_1411
CGGAAAGTCATATCCC-1	HTO4	CD22_A3_nonint_4434
CGGAAAGTCCAACAGC-1	HTO3	CD22_B1_nonint_2261
CGGAATGAGCCCAAGT-1	HTO2	CD22_i61_2
CGGACATTCCCAATAG-1	HTO5	CD22_A11_int_1411
CGGACCATCACGCCTC-1	HTO3	CD22_B1_nonint_2261
CGGATATGTGTGCCCC-1	HTO2	CD22_i61_2
CGGCTACCAAGGGTCG-1	HTO5	CD22_A11_int_1411
CGGCTTACAGCCCATA-1	HTO5	CD22_A11_int_1411
CGGGGTTGTCCATAGG-1	HTO4	CD22_A3_nonint_4434
CGGGTACGTCACACTC-1	HTO4	CD22_A3_nonint_4434
CGGGTTAGTCTGTCCG-1	HTO3	CD22_B1_nonint_2261
CGGTATATCATCGGAC-1	HTO1	CD22_m971
CGGTCAGTCCGGCAAT-1	HTO1	CD22_m971
CGGTCGATCAGGTTCA-1	HTO2	CD22_i61_2
CGGTTAGGTCGATGAT-1	HTO5	CD22_A11_int_1411
CGGTTCGAGGGTCGTT-1	HTO2	CD22_i61_2
CGTAACCAGATGAGTA-1	HTO5	CD22_A11_int_1411
CGTAACCAGCAATTAC-1	HTO4	CD22_A3_nonint_4434
CGTAATAGTAGTCCAG-1	HTO4	CD22_A3_nonint_4434
CGTAATCCAACGAACA-1	HTO2	CD22_i61_2
CGTACCGAGGTCGGTT-1	HTO3	CD22_B1_nonint_2261
CGTAGATGTCTTCTAG-1	HTO4	CD22_A3_nonint_4434
CGTAGGGCAACTCCCT-1	HTO3	CD22_B1_nonint_2261
CGTAGTGGTCAGTCAG-1	HTO4	CD22_A3_nonint_4434
CGTATAAGTCGATTGG-1	HTO1	CD22_m971
CGTATAGTCACAGGCT-1	HTO3	CD22_B1_nonint_2261
CGTATTCTCACCAAGC-1	HTO2	CD22_i61_2
CGTCAATCACTATGGT-1	HTO1	CD22_m971
CGTCAGAGTATGGGCC-1	HTO2	CD22_i61_2
CGTCAGCCAGCTTAGT-1	HTO5	CD22_A11_int_1411
CGTCATAAGCCTAATG-1	HTO4	CD22_A3_nonint_4434
CGTCGTCTCAACTATA-1	HTO2	CD22_i61_2
CGTCTGTGTGCATCAG-1	HTO5	CD22_A11_int_1411
CGTCTTAGTGTATGTA-1	HTO5	CD22_A11_int_1411
CGTGCATAGAAGTAGC-1	HTO1	CD22_m971
CGTGGAAAGGGTAGTG-1	HTO3	CD22_B1_nonint_2261
CGTGGTTAGGCACCAT-1	HTO3	CD22_B1_nonint_2261
CGTGTCGAGAGGCGGT-1	HTO4	CD22_A3_nonint_4434
CGTTAGCAGGGGAATT-1	HTO2	CD22_i61_2
CGTTCCCAGACAGACG-1	HTO5	CD22_A11_int_1411
CGTTCTGTCCAAGTAT-1	HTO1	CD22_m971
CGTTGGTAGCCAAAGG-1	HTO5	CD22_A11_int_1411
CGTTTGAAGAAAGTGC-1	HTO2	CD22_i61_2
CGTTTGAAGCACCATA-1	HTO2	CD22_i61_2
CGTTTGAAGGTAAGGT-1	HTO3	CD22_B1_nonint_2261
CGTTTGAAGGTGCTGT-1	HTO3	CD22_B1_nonint_2261
CTAAAGCGTCTTCTCT-1	HTO4	CD22_A3_nonint_4434
CTAACATAGATTATGC-1	HTO5	CD22_A11_int_1411
CTAACGGGTCGCGTCC-1	HTO4	CD22_A3_nonint_4434
CTAACTCTCGGCGTCA-1	HTO1	CD22_m971
CTAACTTGTAAGTGTC-1	HTO4	CD22_A3_nonint_4434
CTAAGCTCACCGACAC-1	HTO4	CD22_A3_nonint_4434
CTAAGGGAGATCCGAC-1	HTO4	CD22_A3_nonint_4434
CTAAGGGAGGTCCTCC-1	HTO4	CD22_A3_nonint_4434
CTAAGTCCAATAGCAG-1	HTO5	CD22_A11_int_1411
CTAAGTCCAATTGCTA-1	HTO2	CD22_i61_2
CTAATATCAGTGCAGG-1	HTO5	CD22_A11_int_1411
CTAATCACAAAATTTC-1	HTO5	CD22_A11_int_1411
CTAATCCTCAGCCATA-1	HTO5	CD22_A11_int_1411
CTACAAGTCCCGCACT-1	HTO5	CD22_A11_int_1411
CTACAAGTCGGTCTAA-1	HTO4	CD22_A3_nonint_4434
CTACAATAGACATGAA-1	HTO2	CD22_i61_2
CTACACAAGGCGATAG-1	HTO2	CD22_i61_2
CTACATACACACACGC-1	HTO1	CD22_m971
CTACATGAGGTATTCG-1	HTO5	CD22_A11_int_1411
CTACGTAAGCTCGTAA-1	HTO5	CD22_A11_int_1411
CTACTACTCCATTACC-1	HTO4	CD22_A3_nonint_4434
CTACTATGTCTCATAT-1	HTO3	CD22_B1_nonint_2261
CTACTTATCGGCCCTT-1	HTO4	CD22_A3_nonint_4434
CTACTTCAGACCCAAC-1	HTO3	CD22_B1_nonint_2261
CTAGAAGCACCAAATC-1	HTO3	CD22_B1_nonint_2261
CTAGCAATCATTACTT-1	HTO5	CD22_A11_int_1411
CTAGCATCACTGCACA-1	HTO4	CD22_A3_nonint_4434
CTAGCGTAGAGCAGAT-1	HTO2	CD22_i61_2
CTAGGGGCAAAACTCC-1	HTO2	CD22_i61_2
CTAGGGGCAACTTCAA-1	HTO2	CD22_i61_2
CTAGTATAGGCAACAG-1	HTO2	CD22_i61_2
CTAGTGCAGGCAACAG-1	HTO5	CD22_A11_int_1411
CTAGTTACACGCGACT-1	HTO5	CD22_A11_int_1411
CTAGTTCTCCCTATAC-1	HTO4	CD22_A3_nonint_4434
CTATAAGGTCGATAGT-1	HTO4	CD22_A3_nonint_4434
CTATAATCACAACTAC-1	HTO3	CD22_B1_nonint_2261
CTATCCCCACCTTACC-1	HTO2	CD22_i61_2
CTATCGAAGCTCTCAT-1	HTO1	CD22_m971
CTATGTCTCCTCAGGG-1	HTO4	CD22_A3_nonint_4434
CTATTCGGTCCATTCA-1	HTO3	CD22_B1_nonint_2261
CTCACCCAGCGAGTAG-1	HTO5	CD22_A11_int_1411
CTCAGCCTCCCTTTAA-1	HTO4	CD22_A3_nonint_4434
CTCCACTCACTGGCAC-1	HTO3	CD22_B1_nonint_2261
CTCCATGTCCAAGACC-1	HTO4	CD22_A3_nonint_4434
CTCCATGTCCACCCGT-1	HTO5	CD22_A11_int_1411
CTCCGACTCAGCATCA-1	HTO3	CD22_B1_nonint_2261
CTCCTCTTCCACGAGT-1	HTO3	CD22_B1_nonint_2261
CTCCTCTTCCTTGTAC-1	HTO4	CD22_A3_nonint_4434
CTCGAACAGCTATCGA-1	HTO1	CD22_m971
CTCGAGCCAAAGGCAC-1	HTO2	CD22_i61_2
CTCGAGCCAACTGCAT-1	HTO4	CD22_A3_nonint_4434
CTCGATCGTAGGAAAT-1	HTO4	CD22_A3_nonint_4434
CTCGCCAGTCTTCAAT-1	HTO3	CD22_B1_nonint_2261
CTCGGACCACGGACCT-1	HTO4	CD22_A3_nonint_4434
CTCGGCAAGCAATTAC-1	HTO3	CD22_B1_nonint_2261
CTCGGTACAACACAAG-1	HTO4	CD22_A3_nonint_4434
CTCTAGAAGAACACCC-1	HTO3	CD22_B1_nonint_2261
CTCTCCTTCACGAGCT-1	HTO5	CD22_A11_int_1411
CTCTCGATCCGATGGT-1	HTO3	CD22_B1_nonint_2261
CTCTCGGGTACCATGG-1	HTO4	CD22_A3_nonint_4434
CTGACTCGTCTAAGGT-1	HTO4	CD22_A3_nonint_4434
CTGCAAGGTATAGGGA-1	HTO4	CD22_A3_nonint_4434
CTGCAGTAGATCGGTC-1	HTO3	CD22_B1_nonint_2261
CTGCTCTCAACACTAC-1	HTO4	CD22_A3_nonint_4434
CTGCTTCCAGTGCGTC-1	HTO4	CD22_A3_nonint_4434
CTGGCCCGTAACGCAT-1	HTO4	CD22_A3_nonint_4434
CTGGGCTCAAACGCGG-1	HTO1	CD22_m971
CTGGGCTCAAGTCGCC-1	HTO5	CD22_A11_int_1411
CTGGTCTGTAATTTCC-1	HTO5	CD22_A11_int_1411
CTGGTGAGTACAATTG-1	HTO4	CD22_A3_nonint_4434
CTGTACCGTGGTTTCC-1	HTO3	CD22_B1_nonint_2261
CTGTACTTCGGTTAAT-1	HTO5	CD22_A11_int_1411
CTGTATGAGATTGGTT-1	HTO5	CD22_A11_int_1411
CTGTATGAGCACTACA-1	HTO4	CD22_A3_nonint_4434
CTGTATTGTCTAAGCG-1	HTO1	CD22_m971
CTGTCTAGTGGCGTTA-1	HTO4	CD22_A3_nonint_4434
CTGTGGTAGGCCATTA-1	HTO3	CD22_B1_nonint_2261
CTGTTCGTCATTAAGC-1	HTO1	CD22_m971
CTTAACCTCCGATAGC-1	HTO5	CD22_A11_int_1411
CTTAAGTAGGCAATCC-1	HTO4	CD22_A3_nonint_4434
CTTAGCAAGAACCAGG-1	HTO5	CD22_A11_int_1411
CTTAGCAAGGCACGTT-1	HTO1	CD22_m971
CTTAGTACAGTCTATA-1	HTO3	CD22_B1_nonint_2261
CTTATCTCAAGTATAA-1	HTO5	CD22_A11_int_1411
CTTCAATGTCCTCGAT-1	HTO4	CD22_A3_nonint_4434
CTTCATATCAATCCTC-1	HTO3	CD22_B1_nonint_2261
CTTCGTCCAATCAGTC-1	HTO2	CD22_i61_2
CTTCGTTAGATGCGGA-1	HTO4	CD22_A3_nonint_4434
CTTCTCACAGTTGGGG-1	HTO4	CD22_A3_nonint_4434
CTTGGCGAGCCGCGTA-1	HTO5	CD22_A11_int_1411
CTTGTATGTCTACTGC-1	HTO4	CD22_A3_nonint_4434
GCAAAGTAGCTGGGTT-1	HTO2	CD22_i61_2
GCAACGTTCACAAGCC-1	HTO2	CD22_i61_2
GCAATAGCAATACCCG-1	HTO5	CD22_A11_int_1411
GCAATCCAGGGCTGAA-1	HTO4	CD22_A3_nonint_4434
GCAATCGGTGGGTGTC-1	HTO4	CD22_A3_nonint_4434
GCAATCTCAAAGGGGA-1	HTO5	CD22_A11_int_1411
GCAATGTGTACCCTTA-1	HTO3	CD22_B1_nonint_2261
GCAATTTAGACGACGA-1	HTO5	CD22_A11_int_1411
GCACAAGAGGCGGGAT-1	HTO4	CD22_A3_nonint_4434
GCACAGCGTAGCGTGC-1	HTO3	CD22_B1_nonint_2261
GCACCATAGCATGTCA-1	HTO1	CD22_m971
GCACCCAAGCACCAAC-1	HTO1	CD22_m971
GCACCCAAGCGAAGTG-1	HTO2	CD22_i61_2
GCACCCAAGGGGGTAC-1	HTO2	CD22_i61_2
GCACCCTTCAGAGAAC-1	HTO4	CD22_A3_nonint_4434
GCACGAAAGCTCTCCA-1	HTO5	CD22_A11_int_1411
GCACGGACAAACATAA-1	HTO5	CD22_A11_int_1411
GCACGGACACATAGTC-1	HTO5	CD22_A11_int_1411
GCACGTAGTCGCTAAG-1	HTO5	CD22_A11_int_1411
GCACGTGTCAATCCTC-1	HTO2	CD22_i61_2
GCAGGGTAGGGTATCC-1	HTO3	CD22_B1_nonint_2261
GCAGTGAAGAGGCTGA-1	HTO1	CD22_m971
GCATAAGCAGTGCTCA-1	HTO5	CD22_A11_int_1411
GCATCCACAAGTGCCC-1	HTO3	CD22_B1_nonint_2261
GCATCCGAGCCGTATA-1	HTO1	CD22_m971
GCATCGCCAACATGTC-1	HTO3	CD22_B1_nonint_2261
GCATGAACAAACGCGG-1	HTO4	CD22_A3_nonint_4434
GCATTTACAAGGCACG-1	HTO5	CD22_A11_int_1411
GCCACATAGACGGAGC-1	HTO4	CD22_A3_nonint_4434
GCCATAATCGCCTACC-1	HTO1	CD22_m971
GCCATAGGTCGGCTGG-1	HTO1	CD22_m971
GCCATCGAGATCTTCC-1	HTO3	CD22_B1_nonint_2261
GCCATTAAGCCAACCG-1	HTO4	CD22_A3_nonint_4434
GCCCCAAAGCTCACCC-1	HTO4	CD22_A3_nonint_4434
GCCCGAGGTGGAACGG-1	HTO5	CD22_A11_int_1411
GCCCGTAAGCACGGTT-1	HTO5	CD22_A11_int_1411
GCCCTAACACCATAAC-1	HTO3	CD22_B1_nonint_2261
GCCCTACTCACTCCAT-1	HTO1	CD22_m971
GCCTATAAGACATGTT-1	HTO4	CD22_A3_nonint_4434
GCCTCTATCACTGCCC-1	HTO2	CD22_i61_2
GCCTGATAGGCAACGA-1	HTO4	CD22_A3_nonint_4434
GCCTTAGCAACAGCGG-1	HTO2	CD22_i61_2
GCCTTAGCAAGGTTCT-1	HTO3	CD22_B1_nonint_2261
GCCTTAGCAATTAACT-1	HTO1	CD22_m971
GCGAAAGTCAAAGGTA-1	HTO5	CD22_A11_int_1411
GCGACCTCAAACTAGG-1	HTO5	CD22_A11_int_1411
GCGATAGAGCCGCTAG-1	HTO1	CD22_m971
GCGCACTCACGGGGTA-1	HTO2	CD22_i61_2
GCGCATCCAACCCGAC-1	HTO4	CD22_A3_nonint_4434
GCGCATTAGCCATAAT-1	HTO5	CD22_A11_int_1411
GCGCGAACAATTCGAC-1	HTO1	CD22_m971
GCGCTACCACCTAAAC-1	HTO5	CD22_A11_int_1411
GCGCTACCACTCAATA-1	HTO4	CD22_A3_nonint_4434
GCGGAGAGTACATCCC-1	HTO3	CD22_B1_nonint_2261
GCGGGTACAGCGTGCT-1	HTO3	CD22_B1_nonint_2261
GCGGTAAAGGCTAACC-1	HTO4	CD22_A3_nonint_4434
GCGGTAGCAGTGAGGT-1	HTO5	CD22_A11_int_1411
GCGTAGAAGGGGATTG-1	HTO3	CD22_B1_nonint_2261
GCGTATATCCCCACGT-1	HTO3	CD22_B1_nonint_2261
GCGTTAATCATGATGT-1	HTO4	CD22_A3_nonint_4434
GCGTTACAGCAATACT-1	HTO5	CD22_A11_int_1411
GCGTTTAAGCAACCCG-1	HTO3	CD22_B1_nonint_2261
GCTAAAGCAACACGGG-1	HTO3	CD22_B1_nonint_2261
GCTAAATTCCTGGTAA-1	HTO4	CD22_A3_nonint_4434
GCTAAGGAGGTCCGCA-1	HTO4	CD22_A3_nonint_4434
GCTAATCCAAGACGTA-1	HTO4	CD22_A3_nonint_4434
GCTAATCCACGTACGC-1	HTO5	CD22_A11_int_1411
GCTAATGTCCTCCACA-1	HTO3	CD22_B1_nonint_2261
GCTACACAGGTGAGTG-1	HTO2	CD22_i61_2
GCTACAGGTCGGTATG-1	HTO2	CD22_i61_2
GCTACCTGTGGTATTA-1	HTO4	CD22_A3_nonint_4434
GCTACTTTCGGTTAGC-1	HTO4	CD22_A3_nonint_4434
GCTAGAACAGGAAAGG-1	HTO4	CD22_A3_nonint_4434
GCTAGCCCAGTCAATC-1	HTO4	CD22_A3_nonint_4434
GCTAGTGGTGGTTAGT-1	HTO5	CD22_A11_int_1411
GCTATGCAGGCTCAAC-1	HTO1	CD22_m971
GCTCAACAGCTGGTTA-1	HTO3	CD22_B1_nonint_2261
GCTCATTTCCGTATTC-1	HTO4	CD22_A3_nonint_4434
GCTCATTTCGCCCTAC-1	HTO5	CD22_A11_int_1411
GCTCCACTCAAATTGC-1	HTO2	CD22_i61_2
GCTCCGCGTGGGGTCT-1	HTO3	CD22_B1_nonint_2261
GCTCCTATCATGGTCA-1	HTO1	CD22_m971
GCTCGCTTCGCATAGC-1	HTO5	CD22_A11_int_1411
GCTCGTTGTACTATGA-1	HTO3	CD22_B1_nonint_2261
GCTCTAAAGGGACATG-1	HTO5	CD22_A11_int_1411
GCTCTCATCATGGACC-1	HTO4	CD22_A3_nonint_4434
GCTGACCCACCAGTGC-1	HTO5	CD22_A11_int_1411
GCTGACCCAGCCCATA-1	HTO5	CD22_A11_int_1411
GCTGAGTTCACATTAA-1	HTO1	CD22_m971
GCTGGCATCGCGCGTA-1	HTO3	CD22_B1_nonint_2261
GCTGGGTGTAGGCTCA-1	HTO3	CD22_B1_nonint_2261
GCTGTGGTCAGAGAAC-1	HTO1	CD22_m971
GCTTAAGTCAACAGCC-1	HTO4	CD22_A3_nonint_4434
GCTTCATTCATCATCC-1	HTO4	CD22_A3_nonint_4434
GCTTCCATCGTTGCTT-1	HTO5	CD22_A11_int_1411
GCTTCGACAAGGGCAT-1	HTO4	CD22_A3_nonint_4434
GCTTCGACACAGCTCA-1	HTO4	CD22_A3_nonint_4434
GCTTCGGAGGTAAGAC-1	HTO4	CD22_A3_nonint_4434
GCTTGCTGTGTATGTA-1	HTO5	CD22_A11_int_1411
GCTTGGAGTGGTTATA-1	HTO2	CD22_i61_2
GCTTGTAAGATGGGCA-1	HTO4	CD22_A3_nonint_4434
GCTTGTCGTCAGCCCC-1	HTO3	CD22_B1_nonint_2261
GCTTTACTCCTGCGTC-1	HTO1	CD22_m971
GCTTTCGTCAGACTCA-1	HTO2	CD22_i61_2
GGAAACCCAATGCTTA-1	HTO4	CD22_A3_nonint_4434
GGAAAGCGTGGAACGG-1	HTO3	CD22_B1_nonint_2261
GGAAGCTCAGTAAACG-1	HTO2	CD22_i61_2
GGAAGGACACTCCTTA-1	HTO2	CD22_i61_2
GGAAGTAGTCTGGCCC-1	HTO5	CD22_A11_int_1411
GGAATGAGTGTAGTTA-1	HTO4	CD22_A3_nonint_4434
GGAATGTAGCATACAT-1	HTO4	CD22_A3_nonint_4434
GGAATTAAGAGCCGAA-1	HTO4	CD22_A3_nonint_4434
GGAATTCGTAAGTTGC-1	HTO1	CD22_m971
GGACCGACAATGGCCC-1	HTO5	CD22_A11_int_1411
GGACCGTGTCGGTGTA-1	HTO2	CD22_i61_2
GGACGCTGTCCGTGTT-1	HTO4	CD22_A3_nonint_4434
GGACTATGTACTACCC-1	HTO5	CD22_A11_int_1411
GGACTGAAGCGGGGAT-1	HTO4	CD22_A3_nonint_4434
GGAGGTATCGCGTGTG-1	HTO1	CD22_m971
GGAGGTCAGCATGGTC-1	HTO3	CD22_B1_nonint_2261
GGAGTAAGTACAGAAG-1	HTO3	CD22_B1_nonint_2261
GGAGTATAGCCCTTGC-1	HTO3	CD22_B1_nonint_2261
GGAGTATAGGCCCGTA-1	HTO5	CD22_A11_int_1411
GGAGTCGCAACCTACG-1	HTO4	CD22_A3_nonint_4434
GGAGTGGGTCGCATAG-1	HTO3	CD22_B1_nonint_2261
GGATAGTAGCACTAGC-1	HTO2	CD22_i61_2
GGATAGTAGGCTAACC-1	HTO4	CD22_A3_nonint_4434
GGATATCGTCGCTCGC-1	HTO5	CD22_A11_int_1411
GGATCAACACGCGCAT-1	HTO1	CD22_m971
GGATCCGTCATGGGCT-1	HTO2	CD22_i61_2
GGATCGCGTGGCGATC-1	HTO5	CD22_A11_int_1411
GGATGATAGCACTCAA-1	HTO1	CD22_m971
GGATGATAGCTGTGCG-1	HTO4	CD22_A3_nonint_4434
GGATTAGCACGTCAGC-1	HTO4	CD22_A3_nonint_4434
GGCAAGGGTAGAGGTA-1	HTO2	CD22_i61_2
GGCACTCCAACAGACA-1	HTO4	CD22_A3_nonint_4434
GGCATAACAGCAACCC-1	HTO3	CD22_B1_nonint_2261
GGCATGCGTGGAAAGC-1	HTO4	CD22_A3_nonint_4434
GGCATGCGTGGGTTTG-1	HTO2	CD22_i61_2
GGCATGCGTGTGGTCA-1	HTO3	CD22_B1_nonint_2261
GGCATTGGTAAGTTGC-1	HTO4	CD22_A3_nonint_4434
GGCATTGGTGTCCCCA-1	HTO3	CD22_B1_nonint_2261
GGCCAATTCCACCCTA-1	HTO1	CD22_m971
GGCCATTAGATTAACC-1	HTO5	CD22_A11_int_1411
GGCCCCTGTGTGGCGT-1	HTO2	CD22_i61_2
GGCCTGGGTACGAGTT-1	HTO2	CD22_i61_2
GGCCTGGGTGGAATTC-1	HTO4	CD22_A3_nonint_4434
GGCCTTGAGAAGTACA-1	HTO4	CD22_A3_nonint_4434
GGCCTTGAGCGATGAG-1	HTO1	CD22_m971
GGCGAACAGACAGCCT-1	HTO2	CD22_i61_2
GGCGAACAGCACGTCG-1	HTO2	CD22_i61_2
GGCGCTATCACTCCGC-1	HTO4	CD22_A3_nonint_4434
GGCGGTACAGGAGTTA-1	HTO2	CD22_i61_2
GGCGTAAAGCATCACA-1	HTO1	CD22_m971
GGCGTAAAGGCACAAG-1	HTO4	CD22_A3_nonint_4434
GGCGTTAGTAGCTGTG-1	HTO3	CD22_B1_nonint_2261
GGCGTTCCAAGTGTCT-1	HTO5	CD22_A11_int_1411
GGCGTTCCAGCGATAA-1	HTO4	CD22_A3_nonint_4434
GGCTACCCACATGGTT-1	HTO2	CD22_i61_2
GGCTCTACAGCTATCG-1	HTO2	CD22_i61_2
GGCTGCATCGTATTAA-1	HTO4	CD22_A3_nonint_4434
GGCTTGGTCATAGTAC-1	HTO5	CD22_A11_int_1411
GGCTTTCGTCATTTCG-1	HTO1	CD22_m971
GGCTTTCGTGGGTATT-1	HTO4	CD22_A3_nonint_4434
GGGAGATGTCGCATAG-1	HTO4	CD22_A3_nonint_4434
GGGAGTGGTGGGGCTT-1	HTO5	CD22_A11_int_1411
GGGATCAAGAATTGTC-1	HTO3	CD22_B1_nonint_2261
GGGATTACAACAGCCC-1	HTO4	CD22_A3_nonint_4434
GGGATTGAGAGGTAAC-1	HTO2	CD22_i61_2
GGGCAATCAATCAACC-1	HTO2	CD22_i61_2
GGGCATAAGGTGTCCG-1	HTO2	CD22_i61_2
GGGCGTACAGGTCGTC-1	HTO5	CD22_A11_int_1411
GGGCTAGCAATTCATG-1	HTO1	CD22_m971
GGGGCATAGGCCCACA-1	HTO2	CD22_i61_2
GGGGCTACACACTCAG-1	HTO5	CD22_A11_int_1411
GGGGTTAAGAATTCCG-1	HTO3	CD22_B1_nonint_2261
GGGGTTAAGACATATC-1	HTO2	CD22_i61_2
GGGTAATAGAACGATA-1	HTO5	CD22_A11_int_1411
GGGTATACAACCTAGT-1	HTO3	CD22_B1_nonint_2261
GGGTATCTCAATGCGC-1	HTO4	CD22_A3_nonint_4434
GGGTATTGTCTACGCT-1	HTO1	CD22_m971
GGGTCTAGTGGCTTCT-1	HTO5	CD22_A11_int_1411
GGGTGCACAAGTGCAA-1	HTO5	CD22_A11_int_1411
GGGTTATGTATCACGG-1	HTO4	CD22_A3_nonint_4434
GGGTTATGTCAGTATA-1	HTO5	CD22_A11_int_1411
GGGTTCCCAGCATTAC-1	HTO2	CD22_i61_2
GGTACTGGTATTCAGA-1	HTO3	CD22_B1_nonint_2261
GGTATATTCAGTAAAG-1	HTO3	CD22_B1_nonint_2261
GGTATATTCCTAGTCT-1	HTO4	CD22_A3_nonint_4434
GGTATCTCAGGTTCAT-1	HTO2	CD22_i61_2
GGTCAACTCATATTAG-1	HTO4	CD22_A3_nonint_4434
GGTCAACTCGTCAATG-1	HTO5	CD22_A11_int_1411
GGTCAGCGTACGTCAG-1	HTO5	CD22_A11_int_1411
GGTCAGTTCGGTGTCG-1	HTO3	CD22_B1_nonint_2261
GGTCCTCTCCTTAGCT-1	HTO4	CD22_A3_nonint_4434
GGTCGTCCACGATTAC-1	HTO4	CD22_A3_nonint_4434
GGTCTATCAACAGCGG-1	HTO1	CD22_m971
GGTCTATCAATAGGGC-1	HTO3	CD22_B1_nonint_2261
GGTGAATAGCACATCA-1	HTO4	CD22_A3_nonint_4434
GGTGATGAGGGTATCC-1	HTO2	CD22_i61_2
GGTGCCGGTGTGTCCT-1	HTO4	CD22_A3_nonint_4434
GGTGTTCAGCACTTAG-1	HTO2	CD22_i61_2
GGTTAGGAGCTGACAC-1	HTO2	CD22_i61_2
GGTTAGGAGGGTTCCG-1	HTO4	CD22_A3_nonint_4434
GGTTAGTGTCATGTCC-1	HTO5	CD22_A11_int_1411
GGTTATAGTATACTAG-1	HTO5	CD22_A11_int_1411
GGTTCAATCCGCCCAT-1	HTO4	CD22_A3_nonint_4434
GGTTCGTAGCCGTAAC-1	HTO4	CD22_A3_nonint_4434
GGTTGCCCAATAGCGA-1	HTO1	CD22_m971
GGTTGCCCAGCTAAAG-1	HTO4	CD22_A3_nonint_4434
GGTTTAGTCAGTTAGT-1	HTO5	CD22_A11_int_1411
GTAAATGAGATATCAC-1	HTO1	CD22_m971
GTAACCATCCATCACT-1	HTO2	CD22_i61_2
GTAACTGTCGTACGTA-1	HTO4	CD22_A3_nonint_4434
GTAAGATCAACTAACC-1	HTO5	CD22_A11_int_1411
GTAAGATCACCTACGA-1	HTO1	CD22_m971
GTAAGGTAGCAGGGTA-1	HTO3	CD22_B1_nonint_2261
GTAATAGAGCTGTAGC-1	HTO3	CD22_B1_nonint_2261
GTAATCCCAATGTGAG-1	HTO5	CD22_A11_int_1411
GTAATTGGTAGTACGT-1	HTO5	CD22_A11_int_1411
GTACAATTCATAAGTC-1	HTO5	CD22_A11_int_1411
GTACAATTCGGCGTTG-1	HTO5	CD22_A11_int_1411
GTACATCCACCTCAGA-1	HTO3	CD22_B1_nonint_2261
GTACGTCAGACAGACG-1	HTO2	CD22_i61_2
GTAGATTTCATTCGTC-1	HTO5	CD22_A11_int_1411
GTAGGCAAGCATTACG-1	HTO2	CD22_i61_2
GTAGGCAAGGTCTGTA-1	HTO5	CD22_A11_int_1411
GTAGGGTCAAGCTGGG-1	HTO5	CD22_A11_int_1411
GTAGGTCTCCAAGACC-1	HTO4	CD22_A3_nonint_4434
GTAGGTTGTCCTTAGC-1	HTO3	CD22_B1_nonint_2261
GTAGGTTGTCTGGAAT-1	HTO3	CD22_B1_nonint_2261
GTAGTAGCAGGATCAA-1	HTO1	CD22_m971
GTATACTAGGGAGATT-1	HTO5	CD22_A11_int_1411
GTATATCAGCTGTAAT-1	HTO4	CD22_A3_nonint_4434
GTATCTCTCGCCAATA-1	HTO3	CD22_B1_nonint_2261
GTATGCTCAATTACCA-1	HTO1	CD22_m971
GTATTCCTCAAGGCTC-1	HTO1	CD22_m971
GTATTCGAGCACTTAG-1	HTO3	CD22_B1_nonint_2261
GTATTGTAGCTGTATG-1	HTO5	CD22_A11_int_1411
GTCAACTCAAGGATCA-1	HTO4	CD22_A3_nonint_4434
GTCACGCCACTTCTCA-1	HTO5	CD22_A11_int_1411
GTCACGTAGACATAAG-1	HTO5	CD22_A11_int_1411
GTCATCAAGACGACGA-1	HTO2	CD22_i61_2
GTCATCTTCCCTGATT-1	HTO4	CD22_A3_nonint_4434
GTCCCCAGTATGAGCT-1	HTO1	CD22_m971
GTCCCCAGTGCTCTGT-1	HTO5	CD22_A11_int_1411
GTCCCGAAGCCGTATA-1	HTO2	CD22_i61_2
GTCCGATAGAGGACAT-1	HTO3	CD22_B1_nonint_2261
GTCCGCAAGCACTACA-1	HTO4	CD22_A3_nonint_4434
GTCCGCTTCCGTAAAT-1	HTO2	CD22_i61_2
GTCCGCTTCGTTGACA-1	HTO1	CD22_m971
GTCCTAGCAACGCACC-1	HTO4	CD22_A3_nonint_4434
GTCCTATTCACAGCTA-1	HTO3	CD22_B1_nonint_2261
GTCCTCCAGAGCCTGT-1	HTO5	CD22_A11_int_1411
GTCGAAGAGATCACAT-1	HTO4	CD22_A3_nonint_4434
GTCGAATGTGTACGTG-1	HTO1	CD22_m971
GTCGACTAGGCATCGT-1	HTO1	CD22_m971
GTCGAGCGTATCCCCG-1	HTO2	CD22_i61_2
GTCGCCAAGGGTAGTG-1	HTO2	CD22_i61_2
GTCGCTCTCACTACTC-1	HTO4	CD22_A3_nonint_4434
GTCGCTTGTACTGGGC-1	HTO1	CD22_m971
GTCGGAAAGGTCTGGT-1	HTO3	CD22_B1_nonint_2261
GTCTAACCAATGCTTA-1	HTO4	CD22_A3_nonint_4434
GTCTACAAGAGACATA-1	HTO2	CD22_i61_2
GTCTCCATCATCATCC-1	HTO2	CD22_i61_2
GTCTCCATCCAACATG-1	HTO2	CD22_i61_2
GTCTGAGGTCTCGGTT-1	HTO5	CD22_A11_int_1411
GTCTTCCCAATTGACC-1	HTO5	CD22_A11_int_1411
GTCTTCCCACCTACTC-1	HTO4	CD22_A3_nonint_4434
GTCTTCGTCGCCTTGC-1	HTO2	CD22_i61_2
GTGAAATCAATTCGTA-1	HTO4	CD22_A3_nonint_4434
GTGAAATCAGTTCTCC-1	HTO1	CD22_m971
GTGAAGCCAGTCGCAC-1	HTO3	CD22_B1_nonint_2261
GTGATTCCAAGCACAA-1	HTO5	CD22_A11_int_1411
GTGATTCCACATGATC-1	HTO5	CD22_A11_int_1411
GTGATTTAGCCTACGG-1	HTO1	CD22_m971
GTGATTTAGGCGGAGT-1	HTO4	CD22_A3_nonint_4434
GTGCAGGCACATCAGT-1	HTO2	CD22_i61_2
GTGCCCAAGCATTAAC-1	HTO3	CD22_B1_nonint_2261
GTGCCCCGTATCTCGC-1	HTO1	CD22_m971
GTGCCTTGTCTAGGTG-1	HTO4	CD22_A3_nonint_4434
GTGCGAAAGCACTATG-1	HTO4	CD22_A3_nonint_4434
GTGCGCATCACTCTTA-1	HTO1	CD22_m971
GTGCGCATCGCTCTCA-1	HTO3	CD22_B1_nonint_2261
GTGCGCGGTACACTCC-1	HTO4	CD22_A3_nonint_4434
GTGCGGACACAGGCGA-1	HTO3	CD22_B1_nonint_2261
GTGCGTCCAATCACTA-1	HTO5	CD22_A11_int_1411
GTGCTCCTCGTTAGCA-1	HTO1	CD22_m971
GTGGCCGGTATCCAGG-1	HTO5	CD22_A11_int_1411
GTGGGATCAACCTAGT-1	HTO4	CD22_A3_nonint_4434
GTGGTAACAACGTTCG-1	HTO5	CD22_A11_int_1411
GTGGTGCGTACCTGTC-1	HTO3	CD22_B1_nonint_2261
GTGTAATTCCTGAACA-1	HTO4	CD22_A3_nonint_4434
GTGTATTAGAACGAAC-1	HTO3	CD22_B1_nonint_2261
GTGTCCGAGATTACAC-1	HTO4	CD22_A3_nonint_4434
GTGTCCTGTGCGCCTC-1	HTO3	CD22_B1_nonint_2261
GTGTCTCGTCCTAATT-1	HTO1	CD22_m971
GTGTTACCAAACATAA-1	HTO3	CD22_B1_nonint_2261
GTGTTGATCCTATCAC-1	HTO3	CD22_B1_nonint_2261
GTTAAGTTCCGATACA-1	HTO2	CD22_i61_2
GTTAATTCACTTCGAG-1	HTO3	CD22_B1_nonint_2261
GTTACGGGTGCTAAGT-1	HTO1	CD22_m971
GTTACTCTCGGTCATA-1	HTO5	CD22_A11_int_1411
GTTAGGTGTGTGCGCG-1	HTO1	CD22_m971
GTTAGTCCACAGTTCG-1	HTO4	CD22_A3_nonint_4434
GTTATAGGTCGTCAGA-1	HTO1	CD22_m971
GTTATCGAGCTCTGAA-1	HTO5	CD22_A11_int_1411
GTTATGGTCCTCTGAT-1	HTO4	CD22_A3_nonint_4434
GTTCACGCAACGCGTC-1	HTO3	CD22_B1_nonint_2261
GTTCAGCAGGGGAGCT-1	HTO5	CD22_A11_int_1411
GTTCATCTCGCTGTGG-1	HTO4	CD22_A3_nonint_4434
GTTCATTGTAAGGGTA-1	HTO1	CD22_m971
GTTCGGGTCCCTAGGG-1	HTO2	CD22_i61_2
GTTCTAGAGCTCATGA-1	HTO5	CD22_A11_int_1411
GTTCTCAGTCAATTTC-1	HTO4	CD22_A3_nonint_4434
GTTGAAGCACCTAACG-1	HTO2	CD22_i61_2
GTTGAGACACGTAACT-1	HTO1	CD22_m971
GTTGATCCAAACCTTA-1	HTO4	CD22_A3_nonint_4434
GTTGATCCAGTTAAGG-1	HTO5	CD22_A11_int_1411
GTTGCAGGTGCACTAG-1	HTO4	CD22_A3_nonint_4434
GTTGCCACACATGCGC-1	HTO1	CD22_m971
GTTGTAAGTACCACCT-1	HTO5	CD22_A11_int_1411
GTTGTATAGCATGCCG-1	HTO3	CD22_B1_nonint_2261
GTTGTCCGTACGTCAG-1	HTO3	CD22_B1_nonint_2261
