binder_name,binder_evolution_type,binder_target,binder_experiment,staining_0_nM,staining_0.1_nM,staining_1_nM,staining_10_nM,staining_100_nM,coculture CAR Only,coculture K562,coculture K562 BCMA OE,coculture K562 CD19 OE,coculture K562 CD22 OE,coculture Raji,coculture Raji CD19 OE,coculture Raji CD19 KO,coculture RPMI 8226,coculture Nalm6,coculture Nalm6 CD22 OE,coculture DG-75,coculture Ramos,coculture SET-2,coculture U937,coculture A549,coculture Hela,coculture MDA-MB-468
BCMA_UTD,neg_control,BCMA,BCMA,1.09,1.15,1.09,1.41,1.97,0.22,0.31,1.02,,,3.92,,,0.43,,,0.51,0.33,0.24,0.2,0.12,0.22,0.25
BCMA_NB,neg_control,BCMA,BCMA,0.91,1.24,0.93,0.95,1.07,2.97,3.56,5.13,,,9.26,,,5.39,,,3.95,3.56,3.73,3.23,3.19,3.83,4.06
BCMA_Abecma,pos_control,BCMA,BCMA,0.94,3.24,80.5,98.7,98.8,1.37,1.25,85.8,,,85.9,,,89.7,,,85,80.1,1.69,1.45,1.33,1.22,0.97
BCMA_l59_int_wildtype,parental,BCMA,BCMA,1.53,2.08,53.6,99.6,100,19.2,20.4,88.9,,,88.5,,,91.7,,,85.9,79.5,20.6,19.4,16.1,19.4,20
BCMA_l59_int_1038,interface,BCMA,BCMA,1.08,2.83,77.3,99,98.7,5.85,6.23,87.4,,,88.6,,,91.4,,,90.1,87.7,5.7,6.04,5.07,5.04,5.56
BCMA_l59_int_1525,interface,BCMA,BCMA,0.6,13.3,97.5,100,100,7.25,6.69,91.5,,,91.5,,,93.2,,,92,89.1,8.05,6.95,7.82,7.57,7.58
BCMA_l59_nonint_0815,non-interface,BCMA,BCMA,1.25,2.17,53.3,99.4,100,11.2,9.37,82.9,,,67.6,,,86.2,,,65.3,61.2,11.3,10.3,9.32,9.72,10.4
BCMA_l59_nonint_1192,non-interface,BCMA,BCMA,1.28,2.54,73.4,99.9,99.9,23.7,22.2,90.1,,,82.8,,,94.2,,,85.9,84.4,23.6,23.2,23.1,24.3,22.9
BCMA_l59_int_0893,interface,BCMA,BCMA,0.73,1.71,18.6,99.4,99.6,25.8,26.1,91.1,,,92.6,,,93.6,,,90.7,90.4,25.5,25.6,25.5,26.6,25.6
BCMA_l59_int_0544,interface,BCMA,BCMA,2.9,3.69,68.5,99.1,99.4,30.4,26.6,87.6,,,87.9,,,90.6,,,87.9,85.8,28.5,26.8,20.9,22.7,23.2
BCMA_l59_nonint_0465,non-interface,BCMA,BCMA,1.27,1.36,31.5,99.1,99.8,13.6,14.3,64.6,,,27.6,,,69.8,,,18.1,27.5,15.9,14.4,13.1,14.1,13.7
BCMA_l59_nonint_0840,non-interface,BCMA,BCMA,1.4,0.98,0.84,1.48,56.8,5.38,4.31,32.9,,,11.6,,,18.3,,,7.52,6.22,5.89,5.28,5.3,5.76,5.75
BCMA_l59_nonint_1890,non-interface,BCMA,BCMA,1.04,1.6,32.9,99.1,99.6,13.7,12.1,56.7,,,21.4,,,58.1,,,16.1,25.8,13.2,14.5,11.1,13.4,19.6
BCMA_l59_int_1575,interface,BCMA,BCMA,1.71,1.36,36.2,97.9,100,42,38.8,88.5,,,89.6,,,93,,,89.7,84.2,40.6,42,31,37.2,38.9
BCMA_l59_int_1280,interface,BCMA,BCMA,0.74,1.79,5.68,95.4,99.8,26.4,31.5,75.8,,,83,,,89.2,,,54.5,52.4,29.4,33.1,28.3,36.3,24.5
BCMA_l59_nonint_1083,non-interface,BCMA,BCMA,1.27,1.98,51.1,99.8,100,31.3,29.2,84.6,,,52.7,,,90.3,,,58.2,71.1,31.8,32.6,30,31.3,42.8
BCMA_l59_int_0656,interface,BCMA,BCMA,1.42,2.22,21.1,99.8,99.6,50.1,43.6,91.7,,,92.3,,,92.6,,,90.8,88.6,46.7,47.9,41.9,43.3,41.6
BCMA_l59_nonint_1951,non-interface,BCMA,BCMA,1.82,1.45,9.9,97.4,99.7,19.2,21,60.2,,,26.9,,,62.8,,,32.5,23.5,19.1,20,19.5,21.6,22
BCMA_l59_int_1500,interface,BCMA,BCMA,1.42,3.38,59.1,99.5,100,46.3,39.6,85.9,,,85.4,,,89.7,,,84.8,76.9,43.8,42.8,35.1,45.8,49
BCMA_l59_nonint_0366,non-interface,BCMA,BCMA,0.87,1.88,70.2,99.7,99.7,19.2,16.5,54.1,,,23.9,,,56.3,,,20.3,24.9,17.7,19.2,18.6,20.6,18.6
BCMA_l59_int_0480,interface,BCMA,BCMA,0.57,0.88,2.1,74.6,98.9,46,52,86.5,,,55.8,,,88.5,,,62.3,68.7,43,45.4,44.6,47.7,48.7
BCMA_l59_int_1793,interface,BCMA,BCMA,0.96,2.1,13.5,94.6,99.7,64.7,62.9,87.5,,,87.3,,,90.9,,,86.4,85.2,67.4,67.3,56.7,60.6,52
BCMA_l59_nonint_1481,non-interface,BCMA,BCMA,0.95,1.18,3.39,85.1,99.7,72.8,64.7,81.4,,,80.7,,,88.6,,,79.5,75.5,69.1,73.5,48.1,54.6,55.7
BCMA_l59_nonint_1399,non-interface,BCMA,BCMA,0.5,1.27,0.23,32,98.7,74.7,72.3,74.6,,,76.7,,,77.5,,,75.3,72.6,72.1,72.4,63.8,64.9,65.2
BCMA_l59_int_1568,interface,BCMA,BCMA,1.77,0,1.75,58.6,97.6,81.6,86.7,88.5,,,92.3,,,91.1,,,92.1,89,92.1,90.2,85.5,84,87
CD19_l82_UTD,neg_control,CD19,CD19_l82,0.082,1.03,0.79,0.88,0.95,0.85,1.2,,4.85,,10.5,10.7,8.54,,,,,,,,,,
CD19_l82_NB,neg_control,CD19,CD19_l82,0,0.51,0.71,0.81,0.31,4.06,5.8,,13.8,,22.3,20.3,17.9,,,,,,,,,,
CD19_l82_FMC63,pos_control,CD19,CD19_l82,0.76,2.08,66.5,99,98.9,3.13,3.32,,94.2,,98.3,95.9,17.1,,,,,,,,,,
CD19_l82_all_wildtype,parental,CD19,CD19_l82,0.055,0.63,0.46,0.91,4.68,4.61,10.7,,55.6,,71.7,70.6,71.2,,,,,,,,,,
CD19_l82_int_4727,interface,CD19,CD19_l82,0.79,0.9,0.9,3.23,44.3,25.2,34.8,,61.2,,75.6,78.2,74.9,,,,,,,,,,
CD19_l82_int_2641,interface,CD19,CD19_l82,1,0.55,0.8,1.12,5.3,13.7,34,,70.8,,88.4,86,84.8,,,,,,,,,,
CD19_l82_int_4898,interface,CD19,CD19_l82,0.68,0.77,0.8,2.15,43.1,26.2,38.6,,54.9,,70,69.5,67.1,,,,,,,,,,
CD19_l82_int_3309,interface,CD19,CD19_l82,0.78,0.96,0.64,1.42,3.54,16.3,27,,53.7,,73.7,72.6,70.7,,,,,,,,,,
CD19_l82_int_1425,interface,CD19,CD19_l82,0.81,0.99,0.83,0.77,2.34,12.5,15.7,,60.8,,77.9,79.3,77.1,,,,,,,,,,
CD19_l82_int_1554,interface,CD19,CD19_l82,0.55,0.74,0.51,1.39,1.69,9.84,24.6,,63.8,,82.6,83.9,81.5,,,,,,,,,,
CD19_l82_int_4740,interface,CD19,CD19_l82,0.69,1.26,1.08,1.17,1.6,15.2,20.4,,47.9,,66.6,68,66.3,,,,,,,,,,
CD19_l82_int_4258,interface,CD19,CD19_l82,0.86,1.3,1.02,1.4,1.26,7.13,12.4,,32.6,,55.4,49.7,55,,,,,,,,,,
CD19_l82_int_1949,interface,CD19,CD19_l82,1.87,1.42,1.19,1.21,2.87,7.39,13.6,,36.4,,63.5,56.6,57.8,,,,,,,,,,
CD19_l82_int_0617,interface,CD19,CD19_l82,4.69,1.53,0.98,1.11,5.06,9.53,12.6,,26.6,,46.3,47.9,42.7,,,,,,,,,,
CD19_l82_nonint_0125,non-interface,CD19,CD19_l82,0.11,1.2,1.31,1.21,2.3,1.92,4.09,,27.9,,47.7,45.1,40.1,,,,,,,,,,
CD19_l82_nonint_4955,non-interface,CD19,CD19_l82,3.95,4.3,3.89,2.47,5.3,9,6.84,,32.7,,50.5,50.7,47.2,,,,,,,,,,
CD19_l82_nonint_4227,non-interface,CD19,CD19_l82,5.03,3.61,1.36,3.7,5.52,11.1,10.2,,49.1,,59.3,59.2,57.5,,,,,,,,,,
CD19_l82_nonint_4330,non-interface,CD19,CD19_l82,2.73,4.98,3.87,4.32,4.69,6.12,9.95,,35.6,,55.6,55.4,51,,,,,,,,,,
CD19_l82_nonint_4746,non-interface,CD19,CD19_l82,3.43,3.98,3.72,3.49,4.3,3.07,5.43,,25.8,,37.9,41.6,36.2,,,,,,,,,,
CD19_l82_nonint_4761,non-interface,CD19,CD19_l82,1.31,3.25,3.16,3.8,4.6,7.38,9.23,,34.9,,54.6,52.8,48.1,,,,,,,,,,
CD19_l82_nonint_0084,non-interface,CD19,CD19_l82,1.4,1.61,3.08,3.44,4.41,4.65,9.33,,30.9,,50.2,47.1,39,,,,,,,,,,
CD19_l82_nonint_2749,non-interface,CD19,CD19_l82,1.95,1.21,2.58,3.48,4.11,4.32,6.66,,28.4,,46.7,45.5,42.6,,,,,,,,,,
CD19_l82_nonint_4581,non-interface,CD19,CD19_l82,1.74,2.26,2.05,3.18,4.52,5.58,7.28,,30.9,,46.1,44.6,43.9,,,,,,,,,,
CD19_l82_nonint_0878,non-interface,CD19,CD19_l82,1.32,1.9,2.06,1.46,2.22,2.1,4.73,,31.1,,54,50.2,47.6,,,,,,,,,,
CD22_m971,pos_control,CD22,CD22,0.84,82.7,98.4,98.9,,5.01,3.45,,,61.4,90,,,5.76,16.3,35.8,,,,,,,
CD22_l61_nonint_0191,non-interface,CD22,CD22,0.88,40.5,95.8,96.8,,5.34,3.96,,,33.1,36,,,5.23,6.86,16,,,,,,,
CD22_l61_nonint_3136,non-interface,CD22,CD22,0.8,29.3,95.2,96.2,,6.17,6.58,,,48.3,46.6,,,10.6,14.7,35.9,,,,,,,
CD22_l61_nonint_2261,non-interface,CD22,CD22,0.86,36.3,92.1,98.4,,7.77,7.95,,,53.1,54.7,,,10.7,15.1,33.9,,,,,,,
CD22_l61_nonint_4434,non-interface,CD22,CD22,2.23,77.9,98.8,100,,17.9,12.7,,,65.1,74.3,,,19.4,28.7,52.9,,,,,,,
CD22_l61_int_3344,interface,CD22,CD22,0,2.25,9.57,94.1,,0.64,5.44,,,6.35,20.8,,,1.7,1.15,1.34,,,,,,,
CD22_l61_nonint_0714,non-interface,CD22,CD22,0.81,41.5,90.5,96.4,,23.7,20.7,,,61.7,67,,,28.7,29.3,45.5,,,,,,,
CD22_l61_int_4838,interface,CD22,CD22,1.08,0.85,2.09,61.7,,0.8,0.85,,,0.87,9.47,,,2.29,0.83,0.68,,,,,,,
CD22_l61_nonint_0247,non-interface,CD22,CD22,0.69,44.1,91.6,96.3,,8.68,6.37,,,25.8,40,,,21.1,9.68,25.5,,,,,,,
CD22_l61_int_wildtype,parental,CD22,CD22,0.62,68.3,95.4,97.4,,11,11,,,54.5,61.1,,,42.1,20.3,34.8,,,,,,,
CD22_UTD,neg_control,CD22,CD22,0.13,0.1,0.32,28.8,,0.79,1.37,,,1.03,7.14,,,1.91,0.92,1.14,,,,,,,
CD22_l61_nonint_0779,non-interface,CD22,CD22,0.59,71.6,96.5,98.9,,21.3,17.1,,,52.3,52.3,,,38.9,25.8,34.5,,,,,,,
CD22_l61_nonint_1227,non-interface,CD22,CD22,0.82,29.3,95.2,96.2,,7.76,8.79,,,44.7,47.6,,,36.8,11.7,27.3,,,,,,,
CD22_l61_int_2538,interface,CD22,CD22,0.47,0.9,1.75,54.5,,1.5,1.57,,,1.6,8.25,,,3.12,1.3,1.37,,,,,,,
CD22_l61_int_4999,interface,CD22,CD22,0.47,0.88,3.63,79.6,,4,3.72,,,3.2,11.1,,,5.4,3.4,3.16,,,,,,,
CD22_l61_nonint_2695,non-interface,CD22,CD22,0.82,18.1,97.3,98,,13.7,14,,,34.3,38.6,,,34.2,13.5,23.5,,,,,,,
CD22_NB,neg_control,CD22,CD22,0.58,0.77,2.55,59.9,,8.17,6.64,,,5.92,15.1,,,9.34,7.19,6.83,,,,,,,
CD22_l61_nonint_0387,non-interface,CD22,CD22,6.92,16.6,92.9,98.3,,17.1,14.5,,,18.6,24.7,,,22.1,15.3,19.9,,,,,,,
CD22_l61_int_1411,interface,CD22,CD22,0.6,0.63,41.1,94.4,,6.33,6.23,,,5.72,15.1,,,9.29,5.8,5.49,,,,,,,
CD22_l61_int_2154,interface,CD22,CD22,0.79,0.82,3.06,64.7,,7.9,7.34,,,6.8,15.8,,,10.4,6.88,6.07,,,,,,,
CD22_l61_nonint_1279,non-interface,CD22,CD22,0.74,38.5,96.7,97.8,,15.3,14.5,,,19.1,24,,,27.3,14.3,22,,,,,,,
CD22_l61_nonint_3278,non-interface,CD22,CD22,0.56,0.73,2.65,67.9,,5.35,5.15,,,4.64,24.3,,,16.5,4.87,5.29,,,,,,,
CD22_l61_int_0508,interface,CD22,CD22,1.28,1.01,4.26,83.4,,11.2,10,,,8.94,17.2,,,16.2,8.79,9.59,,,,,,,
CD22_l61_int_0469,interface,CD22,CD22,0.43,0.24,1.11,45.2,,6.77,32,,,41.3,74.4,,,65.9,21.5,23.6,,,,,,,
CD22_l61_int_1846,interface,CD22,CD22,0.89,1.02,1.25,48.5,,11.6,35,,,38.9,72.2,,,72,27.8,28.5,,,,,,,
CD22_l61_int_4515,interface,CD22,CD22,0.4,0.81,2.05,71.2,,5.29,4.51,,,4.14,14.1,,,14.2,4.25,4.26,,,,,,,
CD22_l61_int_4308,interface,CD22,CD22,1.23,0.63,2.41,65,,1.55,4.51,,,1.5,14.1,,,14.2,4.25,4.26,,,,,,,
CD19_l112_UTD,neg_control,CD19,CD19_l112,0.21,0.18,0.17,0.16,0.26,0.65,0.87,,2.81,,4.52,,4.31,,,,1.07,0.71,,,,,
CD19_l112_NB,neg_control,CD19,CD19_l112,0.1,0.16,0.18,0.25,0.22,5.44,8.66,,15.5,,24.2,,25.5,,,,9.53,6.22,,,,,
CD19_l112_FMC63,pos_control,CD19,CD19_l112,0.22,0.48,56.6,95.8,94.4,3.24,4.52,,96.5,,97.2,,14.6,,,,93,93.4,,,,,
CD19_l112_int_wildtype,parental,CD19,CD19_l112,0.85,3.79,60.5,98.3,99.4,17.4,19.6,,35.4,,47,,46,,,,26.2,21.1,,,,,
CD19_l112_nonint_4609,non-interface,CD19,CD19_l112,0.81,3.14,56.1,97.1,98.8,12.7,14.9,,22.6,,34,,31.8,,,,16,12.8,,,,,
CD19_l112_nonint_4914,non-interface,CD19,CD19_l112,0.95,1.21,0.72,1.47,46.3,16.1,17.5,,25.4,,33.3,,31.8,,,,18.5,16.4,,,,,
CD19_l112_nonint_0615,non-interface,CD19,CD19_l112,0.94,1.25,27,96.4,99.3,9.94,12.5,,21.4,,35.7,,33.9,,,,14.5,11,,,,,
CD19_l112_nonint_1470,non-interface,CD19,CD19_l112,0.87,0.93,10.7,91.4,98.3,17.8,18.8,,25.6,,32.8,,32.3,,,,18.3,17.7,,,,,
CD19_l112_nonint_2659,non-interface,CD19,CD19_l112,1.31,2.65,1.56,19.6,84.8,61,52.9,,54.7,,61.6,,59.9,,,,67.3,54.5,,,,,
CD19_l112_nonint_0508,non-interface,CD19,CD19_l112,0.95,0.73,0.93,1.17,25.2,21.6,22.8,,26,,37,,38.4,,,,22.1,20.2,,,,,
CD19_l112_nonint_3099,non-interface,CD19,CD19_l112,1.26,1.31,0.85,0.74,3.36,75.1,73.6,,71.1,,75.5,,75,,,,76.8,71.4,,,,,
CD19_l112_nonint_0872,non-interface,CD19,CD19_l112,1.79,0.8,0.96,2.34,65.4,23,24.9,,38.9,,53,,49.8,,,,30.9,25,,,,,
CD19_l112_nonint_3354,non-interface,CD19,CD19_l112,1.4,1.53,1.08,2.08,22,16.2,18.7,,25.3,,33.1,,33.1,,,,19.1,16.2,,,,,
CD19_l112_nonint_4030,non-interface,CD19,CD19_l112,2.4,1.48,0.95,1.83,29.9,57.6,55.1,,60.3,,68.5,,67.5,,,,61.2,52.5,,,,,
CD19_l112_nonint_0999,non-interface,CD19,CD19_l112,1.77,1.17,1.33,1.16,5.81,38.8,37.2,,52.1,,68.9,,67.9,,,,55.3,43.1,,,,,
CD19_l112_nonint_3732,non-interface,CD19,CD19_l112,0.12,0.18,0.18,0.18,0.96,11.2,14.1,,28.4,,49.4,,47.7,,,,19.5,13,,,,,
CD19_l112_int_0963,interface,CD19,CD19_l112,0.61,1.73,52.9,97.1,99,4.79,6.19,,12.6,,18.8,,17,,,,7.42,4.4,,,,,
CD19_l112_int_3137,interface,CD19,CD19_l112,0.13,0.13,0.12,0.19,0.26,8.93,9.88,,27.5,,37.9,,38,,,,66,8.65,,,,,
CD19_l112_int_4066,interface,CD19,CD19_l112,0.17,0.29,0.22,0.23,0.31,88.5,90.6,,90,,94.6,,94.9,,,,92.3,91.8,,,,,
CD19_l112_int_4372,interface,CD19,CD19_l112,0.19,0.18,0.2,0.18,0.26,84.6,86.5,,87,,91.4,,91.7,,,,88.1,86.9,,,,,
CD19_l112_int_1670,interface,CD19,CD19_l112,0.14,0.18,0.15,0.17,0.14,4.45,5.44,,10.5,,16.4,,16.5,,,,6.09,4.7,,,,,
CD19_l112_int_2114,interface,CD19,CD19_l112,0.095,0.1,0.15,0.14,0.23,6.67,8.47,,16.5,,26.6,,25.9,,,,14.5,8,,,,,
CD19_l112_int_3043,interface,CD19,CD19_l112,0.12,0.16,0.092,0.18,0.16,4.1,5.17,,10.7,,13.4,,13.7,,,,6.06,4.29,,,,,
CD19_l112_int_2630,interface,CD19,CD19_l112,0.13,0.16,0.13,0.14,0.22,11.9,12.5,,18.4,,22.1,,22.8,,,,13.3,11.4,,,,,
CD19_l112_int_4756,interface,CD19,CD19_l112,0.2,0.094,0.14,0.11,0.15,24.2,25,,38.9,,57.9,,57.7,,,,35.5,28.2,,,,,
CD19_l112_int_3265,interface,CD19,CD19_l112,0.17,0.16,0.12,0.13,0.17,2.87,3.78,,7.77,,10.6,,10.7,,,,4.11,3.05,,,,,
CD19_l112_int_2534,interface,CD19,CD19_l112,0.081,0.13,0.1,0.18,0.18,5.36,6.5,,12.8,,17,,17.1,,,,6.36,4.74,,,,,
CD19_l115_UTD,neg_control,CD19,CD19_l115,1.58,1.46,1.23,1.52,5.2,2.27,2.96,,7.82,,3.92,,13.7,,,,2.66,2.6,,,,,
CD19_l115_NB,neg_control,CD19,CD19_l115,1.69,1.66,1.9,1.9,5.18,2.44,3.21,,8.87,,12.6,,10.2,,,,3.22,2.5,,,,,
CD19_l115_FMC63,pos_control,CD19,CD19_l115,1.77,35.4,98,99.4,99.6,1.11,1.45,,92.1,,94.8,,5.87,,,,82.3,83.5,,,,,
CD19_l115_int_wildtype,parental,CD19,CD19_l115,4.42,4.56,40.7,88.2,96.5,26.1,29.4,,50.4,,60.1,,57,,,,55,28.4,,,,,
CD19_l115_nonint_4784,non-interface,CD19,CD19_l115,2.86,4.25,3.65,40.8,90.4,51.5,47.5,,56.9,,67.4,,62.6,,,,59.4,54.4,,,,,
CD19_l115_nonint_4959,non-interface,CD19,CD19_l115,2.06,2.09,14.8,94.4,98.3,11.6,13.6,,23.4,,29.8,,24.3,,,,17.2,14.8,,,,,
CD19_l115_int_1633,interface,CD19,CD19_l115,4.03,2.18,1.99,2.42,6.05,5.84,7.23,,21.8,,36,,32.8,,,,15,12.2,,,,,
CD19_l115_int_2621,interface,CD19,CD19_l115,2.2,1.98,2.3,2.17,4.79,0.59,1.09,,3.65,,4.52,,3.7,,,,1.59,0.65,,,,,
CD19_l115_int_4864,interface,CD19,CD19_l115,2.23,1.75,1.92,2.28,4.63,1.39,2.45,,10.7,,25,,21.8,,,,5.22,2.43,,,,,
CD19_l115_nonint_1810,non-interface,CD19,CD19_l115,2.73,3.75,34.4,91.4,97.4,30.9,37.3,,58.1,,64.7,,59.3,,,,50,36.3,,,,,
CD19_l115_int_0203,interface,CD19,CD19_l115,1.84,2.03,2.06,2.27,5.2,0.68,1.02,,5.74,,13.4,,10.6,,,,1.84,1.16,,,,,
CD19_l115_nonint_1986,non-interface,CD19,CD19_l115,1.95,2.09,2.18,3.7,47.9,4.85,5.82,,11.9,,15,,13.3,,,,5.85,5.63,,,,,
CD19_l115_nonint_4561,non-interface,CD19,CD19_l115,3.22,4.57,30.1,90.5,96.7,71.4,68.1,,80,,86.7,,85.9,,,,80.1,73.5,,,,,
CD19_l115_int_3208,interface,CD19,CD19_l115,2.07,2.3,2.27,2.7,4.66,1.21,2.26,,20.5,,30.4,,25.8,,,,25.2,2.4,,,,,
CD19_l115_nonint_4004,non-interface,CD19,CD19_l115,2.9,3.41,16.9,89.8,97.2,53.5,54.7,,73.5,,80.7,,78.3,,,,64.8,53.6,,,,,
CD19_l115_nonint_0547,non-interface,CD19,CD19_l115,2.44,8.76,72.9,96.3,99,46.1,48.3,,54.7,,59.9,,58.2,,,,57,51.8,,,,,
CD19_l115_nonint_4002,non-interface,CD19,CD19_l115,2.98,6.43,28.4,91.5,97.7,53.9,52,,71.1,,83.8,,80.7,,,,63.4,55.3,,,,,
CD19_l115_nonint_3533,non-interface,CD19,CD19_l115,2.43,1.99,8.48,93.1,99,15.6,15.4,,22.8,,28.6,,24.7,,,,15.9,16.3,,,,,
CD19_l115_nonint_1314,non-interface,CD19,CD19_l115,1.79,1.85,4.88,80.9,98.2,15,15,,22.5,,26.6,,22.5,,,,17.5,15.9,,,,,
CD19_l115_int_1249,interface,CD19,CD19_l115,1.71,2,1.8,2.5,10.1,1.63,2.1,,19.5,,26.1,,23.7,,,,3.68,1.79,,,,,
CD19_l115_int_3971,interface,CD19,CD19_l115,1.93,1.85,2.04,1.61,4.66,0.76,1.24,,7.71,,12.6,,11.8,,,,1.78,1.01,,,,,
CD19_l115_int_4304,interface,CD19,CD19_l115,1.75,1.74,3.21,2.05,6.83,1.18,2.22,,11.7,,19.4,,17.2,,,,2.86,1.51,,,,,
CD19_l115_nonint_2376,non-interface,CD19,CD19_l115,2.29,3.08,26.9,91.8,98,39.5,34.7,,51.5,,57.9,,51.9,,,,54.2,39.9,,,,,
CD19_l115_int_4516,interface,CD19,CD19_l115,1.69,1.91,1.41,1.8,4.69,1.67,1.91,,6.28,,9.18,,7.44,,,,2.07,1.46,,,,,
CD19_l115_int_0362,interface,CD19,CD19_l115,1.9,3.36,1.5,2.85,4.06,1.1,12.4,,58,,78.4,,77.3,,,,14.5,10.9,,,,,
CD19_l115_nonint_0190,non-interface,CD19,CD19_l115,2.28,1.82,3.03,41.5,91.5,36.5,31.9,,37.3,,42,,37.8,,,,39.2,34.3,,,,,
CD19_l115_int_1328,interface,CD19,CD19_l115,3.67,1.62,1.92,1.58,4.03,0.76,1.15,,9.44,,13.5,,12.1,,,,2.44,0.76,,,,,
CD19_l115_int_3770,interface,CD19,CD19_l115,2.11,1.64,1.87,2.46,6.37,57.3,78.7,,92.1,,95.3,,95.1,,,,86.7,88,,,,,