"binder_id","BCMA_1000_R1","BCMA_1000_R2","BCMA_100_R1","BCMA_100_R2","BCMA_parental_R1","BCMA_parental_R2","BCMA_parental_mean","BCMA_1000_mean","BCMA_100_mean","is_selected"
"BCMAE3FoldConditionedAllFolds_1XU2ChainR_R18-R20-R26_50-100_i10_82_dldesign_0",14.3051,14.3351,7.24494,8.93552,1146.07,1070.81,1108.44,14.3201,8.09023,FALSE
"BCMAE3FoldConditionedAllFolds_1XU2ChainR_R18-R20-R26_50-100_i11_9_dldesign_0",338.817,283.435,906.105,860.182,23470.5,21174.7,22322.6,311.126,883.1435,FALSE
"BCMAE3FoldConditionedAllFolds_1XU2ChainR_R18-R20-R26_50-100_i12_50_dldesign_0",561.882,793.285,4894.84,3141.06,23351.2,25706.3,24528.75,677.5835,4017.95,FALSE
"BCMAE3FoldConditionedAllFolds_1XU2ChainR_R18-R20-R26_50-100_i13_49_dldesign_0",33.0939,28.7162,85.8726,76.0129,7266.55,6521.28,6893.915,30.90505,80.94275,FALSE
"BCMAE3FoldConditionedAllFolds_1XU2ChainR_R18-R20-R26_50-100_i13_9_dldesign_0",151.255,135.537,310.885,255.286,19061.3,16469.6,17765.45,143.396,283.0855,FALSE
"BCMAE3FoldConditionedAllFolds_1XU2ChainR_R18-R20-R26_50-100_i14_1_dldesign_0",0,0,0,0,0,0.612608,0.306304,0,0,FALSE
"BCMAE3FoldConditionedAllFolds_1XU2ChainR_R18-R20-R26_50-100_i14_44_dldesign_0",0,0,0,0,0,0.200204,0.100102,0,0,FALSE
"BCMAE3FoldConditionedAllFolds_1XU2ChainR_R18-R20-R26_50-100_i14_64_dldesign_0",0,0,0,0,0,0.204203,0.1021015,0,0,FALSE
"BCMAE3FoldConditionedAllFolds_1XU2ChainR_R18-R20-R26_50-100_i15_80_dldesign_0",35.8022,47.3688,119.926,118.828,5671.39,6103.25,5887.32,41.5855,119.377,FALSE
"BCMAE3FoldConditionedAllFolds_1XU2ChainR_R18-R20-R26_50-100_i16_51_dldesign_0",428858,402939,583694,611558,25337.1,23375.2,24356.15,415898.5,597626,TRUE
"BCMAE3FoldConditionedAllFolds_1XU2ChainR_R18-R20-R26_50-100_i16_57_dldesign_0",0,0,0,0,0,0.224529,0.1122645,0,0,FALSE
"BCMAE3FoldConditionedAllFolds_1XU2ChainR_R18-R20-R26_50-100_i16_6_dldesign_0",11.9253,13.557,45.8005,24.1206,2854.69,2439.71,2647.2,12.74115,34.96055,FALSE
"BCMAE3FoldConditionedAllFolds_1XU2ChainR_R18-R20-R26_50-100_i17_47_dldesign_0",28.2951,21.5662,163.283,152.392,10370.1,10128.1,10249.1,24.93065,157.8375,FALSE
"BCMAE3FoldConditionedAllFolds_1XU2ChainR_R18-R20-R26_50-100_i17_74_dldesign_0",0,0,0,0,4.84045,9.54466,7.192555,0,0,FALSE
"BCMAE3FoldConditionedAllFolds_1XU2ChainR_R18-R20-R26_50-100_i17_82_dldesign_0",131.425,186.301,68.7694,71.0193,6403.61,7914.28,7158.945,158.863,69.89435,FALSE
"BCMAE3FoldConditionedAllFolds_1XU2ChainR_R18-R20-R26_50-100_i17_83_dldesign_0",77.8145,76.6625,318.644,289.451,12952.9,14128.9,13540.9,77.2385,304.0475,FALSE
"BCMAE3FoldConditionedAllFolds_1XU2ChainR_R18-R20-R26_50-100_i18_28_dldesign_0",160.743,137.997,534.612,440.006,9503.03,8656.56,9079.795,149.37,487.309,FALSE
"BCMAE3FoldConditionedAllFolds_1XU2ChainR_R18-R20-R26_50-100_i18_91_dldesign_0",174161,172006,97292.3,88753.3,48480.5,48607.9,48544.2,173083.5,93022.8,FALSE
"BCMAE3FoldConditionedAllFolds_1XU2ChainR_R18-R20-R26_50-100_i19_82_dldesign_0",31.1324,20.5054,74.1157,65.7651,4392.99,3196.13,3794.56,25.8189,69.9404,FALSE
"BCMAE3FoldConditionedAllFolds_1XU2ChainR_R18-R20-R26_50-100_i1_29_dldesign_0",38813.4,44221.6,18063,16125.2,2132.39,1660.06,1896.225,41517.5,17094.1,TRUE
"BCMAE3FoldConditionedAllFolds_1XU2ChainR_R18-R20-R26_50-100_i1_6_dldesign_0",77.06,71.1728,151.078,124.68,9573.03,9908.38,9740.705,74.1164,137.879,FALSE
"BCMAE3FoldConditionedAllFolds_1XU2ChainR_R18-R20-R26_50-100_i1_76_dldesign_0",9.52417,9.98771,8.40695,4.66856,2174.02,1967.02,2070.52,9.75594,6.537755,FALSE
"BCMAE3FoldConditionedAllFolds_1XU2ChainR_R18-R20-R26_50-100_i20_13_dldesign_0",0,0,0,0,118.945,117.008,117.9765,0,0,FALSE
"BCMAE3FoldConditionedAllFolds_1XU2ChainR_R18-R20-R26_50-100_i20_16_dldesign_0",137.886,128.54,452.007,354.028,11414.2,12050.4,11732.3,133.213,403.0175,FALSE
"BCMAE3FoldConditionedAllFolds_1XU2ChainR_R18-R20-R26_50-100_i20_48_dldesign_0",156371,169121,116830,105476,20273.1,22461.9,21367.5,162746,111153,FALSE
"BCMAE3FoldConditionedAllFolds_1XU2ChainR_R18-R20-R26_50-100_i2_11_dldesign_0",132.259,106.652,488.334,365.21,22032.8,19693.6,20863.2,119.4555,426.772,FALSE
"BCMAE3FoldConditionedAllFolds_1XU2ChainR_R18-R20-R26_50-100_i2_14_dldesign_0",182.295,155.941,416.247,343.058,16769.3,13795.5,15282.4,169.118,379.6525,FALSE
"BCMAE3FoldConditionedAllFolds_1XU2ChainR_R18-R20-R26_50-100_i2_23_dldesign_0",42257.2,46024.4,8457.51,7358.16,25390.2,28319.3,26854.75,44140.8,7907.835,FALSE
"BCMAE3FoldConditionedAllFolds_1XU2ChainR_R18-R20-R26_50-100_i2_53_dldesign_0",0,0,9.13284,12.4493,94.3076,91.1765,92.74205,0,10.79107,FALSE
"BCMAE3FoldConditionedAllFolds_1XU2ChainR_R18-R20-R26_50-100_i2_80_dldesign_0",33.2429,35.2525,115.541,85.0013,5735.95,6772.25,6254.1,34.2477,100.27115,FALSE
"BCMAE3FoldConditionedAllFolds_1XU2ChainR_R18-R20-R26_50-100_i3_37_dldesign_0",2770.87,5036.07,480.211,428.606,831.831,1279.37,1055.6005,3903.47,454.4085,FALSE
"BCMAE3FoldConditionedAllFolds_1XU2ChainR_R18-R20-R26_50-100_i3_40_dldesign_0",199.148,179.58,1732.79,1348.05,10807.3,10440.2,10623.75,189.364,1540.42,FALSE
"BCMAE3FoldConditionedAllFolds_1XU2ChainR_R18-R20-R26_50-100_i4_4_dldesign_0",84.299,82.6011,239.291,198.122,7590.3,6821.19,7205.745,83.45005,218.7065,FALSE
"BCMAE3FoldConditionedAllFolds_1XU2ChainR_R18-R20-R26_50-100_i4_71_dldesign_0",9.27708,11.0942,88.8524,96.0373,7591.66,7123.07,7357.365,10.18564,92.44485,FALSE
"BCMAE3FoldConditionedAllFolds_1XU2ChainR_R18-R20-R26_50-100_i6_55_dldesign_0",0.77309,0,0,0,0,0,0,0.386545,0,FALSE
"BCMAE3FoldConditionedAllFolds_1XU2ChainR_R18-R20-R26_50-100_i6_96_dldesign_0",29.0676,24.8344,23.9587,25.4455,5031.68,4723.35,4877.515,26.951,24.7021,FALSE
"BCMAE3FoldConditionedAllFolds_1XU2ChainR_R18-R20-R26_50-100_i7_86_dldesign_0",329.8,278.288,583.84,522.218,32117.3,26837.3,29477.3,304.044,553.029,FALSE
"BCMAE3FoldConditionedAllFolds_1XU2ChainR_R18-R20-R26_50-100_i7_97_dldesign_0",160.957,153.141,281.808,205.459,21802.2,25176.2,23489.2,157.049,243.6335,FALSE
"BCMAE3FoldConditionedAllFolds_1XU2ChainR_R18-R20-R26_50-100_i8_27_dldesign_0",109.635,161.305,57.5743,59.3649,2270.13,2821.61,2545.87,135.47,58.4696,FALSE
"BCMAE3FoldConditionedAllFolds_1XU2ChainR_R18-R20-R26_50-100_i8_39_dldesign_0",556.264,422.359,2024.22,1731.62,47559.1,41783.6,44671.35,489.3115,1877.92,FALSE
"BCMAE3FoldConditionedAllFolds_1XU2ChainR_R18-R20-R26_50-100_i8_53_dldesign_0",104.212,91.4492,539.579,391.898,19466.7,19327.7,19397.2,97.8306,465.7385,FALSE
"BCMAE3FoldConditionedAllFolds_1XU2ChainR_R18-R20-R26_50-100_i8_88_dldesign_0",106.068,109.594,412.434,329.673,13916,14706.2,14311.1,107.831,371.0535,FALSE
"BCMAE3FoldConditionedAllFolds_1XU2ChainR_R18-R20-R26_50-100_i8_90_dldesign_0",85.569,103.27,393.339,360.937,5213.28,6192.32,5702.8,94.4195,377.138,FALSE
"BCMAE3FoldConditionedAllFolds_1XU2ChainR_R18-R20-R26_50-100_i9_54_dldesign_0",40893.1,33958.5,78216.9,81854.4,3327.44,2940,3133.72,37425.8,80035.65,TRUE
"BCMAE3FoldConditionedAllFolds_1XU2ChainR_R18-R20-R26_50-100_i9_78_dldesign_0",207.961,188.601,612.518,471.264,20791.1,18858.6,19824.85,198.281,541.891,FALSE
"BCMAE3FoldConditioned_1XU2ChainR_R18-R20-R26_50-100_i12_38_dldesign_0",72.5903,60.5842,170.069,160.088,5845.15,5090.2,5467.675,66.58725,165.0785,FALSE
"BCMAE3FoldConditioned_1XU2ChainR_R18-R20-R26_50-100_i14_22_dldesign_0",10.4812,10.7187,49.6083,29.1889,1146.27,962.82,1054.545,10.59995,39.3986,FALSE
"BCMAE3FoldConditioned_1XU2ChainR_R18-R20-R26_50-100_i16_59_dldesign_0",119.445,90.9428,255.815,195.313,18769.6,17680.7,18225.15,105.1939,225.564,FALSE
"BCMAE3FoldConditioned_1XU2ChainR_R18-R20-R26_50-100_i17_98_dldesign_0",7.99064,7.4898,46.2852,34.8645,2646.45,2439.21,2542.83,7.74022,40.57485,FALSE
"BCMAE3FoldConditioned_1XU2ChainR_R18-R20-R26_50-100_i19_21_dldesign_0",14.3728,13.6814,36.1974,34.8645,2526.95,2411.24,2469.095,14.0271,35.53095,FALSE
"BCMAE3FoldConditioned_1XU2ChainR_R18-R20-R26_50-100_i1_77_dldesign_0",53.4958,42.5754,70.852,65.9453,3730.25,4017.11,3873.68,48.0356,68.39865,FALSE
"BCMAE3FoldConditioned_1XU2ChainR_R18-R20-R26_50-100_i20_83_dldesign_0",68.8544,54.8919,115.535,107.386,11910,12285.9,12097.95,61.87315,111.4605,FALSE
"BCMAE3FoldConditioned_1XU2ChainR_R18-R20-R26_50-100_i20_99_dldesign_0",0,0,0,0,14.5327,7.06998,10.80134,0,0,FALSE
"BCMAE3FoldConditioned_1XU2ChainR_R18-R20-R26_50-100_i21_11_dldesign_0",71.1894,57.788,76.8454,68.9182,10047.1,10040.7,10043.9,64.4887,72.8818,FALSE
"BCMAE3FoldConditioned_1XU2ChainR_R18-R20-R26_50-100_i21_14_dldesign_0",0,0.233016,0,0.360357,304.318,361.685,333.0015,0.116508,0.1801785,FALSE
"BCMAE3FoldConditioned_1XU2ChainR_R18-R20-R26_50-100_i22_96_dldesign_0",22.9342,23.468,57.7379,52.9724,3329.65,3044.68,3187.165,23.2011,55.35515,FALSE
"BCMAE3FoldConditioned_1XU2ChainR_R18-R20-R26_50-100_i22_9_dldesign_0",0,0,0,0,178.895,110.949,144.922,0,0,FALSE
"BCMAE3FoldConditioned_1XU2ChainR_R18-R20-R26_50-100_i23_40_dldesign_0",35.7503,32.7554,36.1381,25.5853,4760.89,5957.76,5359.325,34.25285,30.8617,FALSE
"BCMAE3FoldConditioned_1XU2ChainR_R18-R20-R26_50-100_i23_84_dldesign_0",17.3304,20.2391,50.261,34.2339,4926.12,4602.93,4764.525,18.78475,42.24745,FALSE
"BCMAE3FoldConditioned_1XU2ChainR_R18-R20-R26_50-100_i28_15_dldesign_0",34.972,33.5876,92.6298,69.3687,3662.88,4464.51,4063.695,34.2798,80.99925,FALSE
"BCMAE3FoldConditioned_1XU2ChainR_R18-R20-R26_50-100_i2_17_dldesign_0",14.2171,9.12091,27.6525,26.8466,2170.82,1920.99,2045.905,11.669005,27.24955,FALSE
"BCMAE3FoldConditioned_1XU2ChainR_R18-R20-R26_50-100_i32_48_dldesign_0",63.4581,43.4076,192.796,177.115,9316.18,7872.18,8594.18,53.43285,184.9555,FALSE
"BCMAE3FoldConditioned_1XU2ChainR_R18-R20-R26_50-100_i33_97_dldesign_0",32294.6,31131.8,9130.77,8030.64,10767.6,9010.94,9889.27,31713.2,8580.705,FALSE
"BCMAE3FoldConditioned_1XU2ChainR_R18-R20-R26_50-100_i35_21_dldesign_0",29.2125,25.7982,102.54,82.2514,3912.62,3790.25,3851.435,27.50535,92.3957,FALSE
"BCMAE3FoldConditioned_1XU2ChainR_R18-R20-R26_50-100_i3_41_dldesign_0",320.041,302.388,798.42,662.966,29085.3,33711.8,31398.55,311.2145,730.693,FALSE
"BCMAE3FoldConditioned_1XU2ChainR_R18-R20-R26_50-100_i43_51_dldesign_0",81.463,90.3104,404.462,295.943,8292.89,8660.04,8476.465,85.8867,350.2025,FALSE
"BCMAE3FoldConditioned_1XU2ChainR_R18-R20-R26_50-100_i43_95_dldesign_0",2124.37,2631.72,3153.45,2560.87,8158.14,9290.51,8724.325,2378.045,2857.16,FALSE
"BCMAE3FoldConditioned_1XU2ChainR_R18-R20-R26_50-100_i44_22_dldesign_0",9.02839,8.28871,0,0,846.768,631.957,739.3625,8.65855,0,FALSE
"BCMAE3FoldConditioned_1XU2ChainR_R18-R20-R26_50-100_i50_39_dldesign_0",277.182,231.851,274.329,221.439,7922.54,7848.73,7885.635,254.5165,247.884,FALSE
"BCMAE3FoldConditioned_1XU2ChainR_R18-R20-R26_50-100_i50_73_dldesign_0",89.8688,73.2669,220.033,189.908,10323,9827.52,10075.26,81.56785,204.9705,FALSE
"BCMAE3FoldConditioned_1XU2ChainR_R18-R20-R26_50-100_i52_58_dldesign_0",182.851,137.879,131.972,111.801,4937.02,5285.12,5111.07,160.365,121.8865,FALSE
"BCMAE3FoldConditioned_1XU2ChainR_R18-R20-R26_50-100_i55_32_dldesign_0",17586.2,19561.7,39026.2,40040.3,6388.47,6994.07,6691.27,18573.95,39533.25,TRUE
"BCMAE3FoldConditioned_1XU2ChainR_R18-R20-R26_50-100_i55_42_dldesign_0",80.2696,51.9626,157.845,125.855,13514.5,11481.2,12497.85,66.1161,141.85,FALSE
"BCMAE3FoldConditioned_1XU2ChainR_R18-R20-R26_50-100_i55_74_dldesign_0",3.94343,3.59511,1.06812,1.35134,367.03,208.13,287.58,3.76927,1.20973,FALSE
"BCMAE3FoldConditioned_1XU2ChainR_R18-R20-R26_50-100_i58_8_dldesign_0",135.374,150.595,278.78,236.124,16328.1,19105.5,17716.8,142.9845,257.452,FALSE
"BCMAE3FoldConditioned_1XU2ChainR_R18-R20-R26_50-100_i60_12_dldesign_0",58.1138,40.3451,66.6389,55.4048,6208.39,5115.19,5661.79,49.22945,61.02185,FALSE
"BCMAE3FoldConditioned_1XU2ChainR_R18-R20-R26_50-100_i60_7_dldesign_0",0.103775,0.532608,12.3427,12.7927,508.645,368.073,438.359,0.3181915,12.5677,FALSE
"BCMAE3FoldConditioned_1XU2ChainR_R18-R20-R26_50-100_i61_32_dldesign_0",57.9581,37.682,118.087,90.6297,6647.45,5663.99,6155.72,47.82005,104.35835,FALSE
"BCMAE3FoldConditioned_1XU2ChainR_R18-R20-R26_50-100_i62_74_dldesign_0",7.41988,7.65624,38.8677,41.8915,1424.36,1391.61,1407.985,7.53806,40.3796,FALSE
"BCMAE3FoldConditioned_1XU2ChainR_R18-R20-R26_50-100_i63_78_dldesign_0",52.0948,57.2221,70.5553,69.4587,6174.59,7009.95,6592.27,54.65845,70.007,FALSE
"BCMAE3FoldConditioned_1XU2ChainR_R18-R20-R26_50-100_i67_98_dldesign_0",323.621,420.061,260.503,265.853,15717.6,20719.3,18218.45,371.841,263.178,FALSE
"BCMAE3FoldConditioned_1XU2ChainR_R18-R20-R26_50-100_i68_21_dldesign_0",1.19341,1.73098,0,0,284.731,199.2,241.9655,1.462195,0,FALSE
"BCMAE3FoldConditioned_1XU2ChainR_R18-R20-R26_50-100_i68_76_dldesign_0",34885.1,37892.7,13620.1,11979.2,4665.95,4863.78,4764.865,36388.9,12799.65,TRUE
"BCMAE3FoldConditioned_1XU2ChainR_R18-R20-R26_50-100_i6_88_dldesign_0",6408.29,7936.76,563.374,501.076,8297.86,8927.65,8612.755,7172.525,532.225,FALSE
"BCMAE3FoldConditioned_1XU2ChainR_R18-R20-R26_50-100_i71_39_dldesign_0",3554.38,4254.81,273.914,238.106,3780.32,4868.67,4324.495,3904.595,256.01,FALSE
"BCMAE3FoldConditioned_1XU2ChainR_R18-R20-R26_50-100_i71_68_dldesign_0",53.1326,60.7506,140.755,115.674,10885.5,12549.3,11717.4,56.9416,128.2145,FALSE
"BCMAE3FoldConditioned_1XU2ChainR_R18-R20-R26_50-100_i71_76_dldesign_0",5.96704,6.52445,25.9909,17.2971,1447.19,1472.35,1459.77,6.245745,21.644,FALSE
"BCMAE3FoldConditioned_1XU2ChainR_R18-R20-R26_50-100_i77_14_dldesign_0",139.473,151.727,164.372,160.449,19126.4,22279.7,20703.05,145.6,162.4105,FALSE
"BCMAE3FoldConditioned_1XU2ChainR_R18-R20-R26_50-100_i77_69_dldesign_0",4.66986,3.52853,2.84832,2.07205,896.842,731.247,814.0445,4.099195,2.460185,FALSE
"BCMAE3FoldConditioned_1XU2ChainR_R18-R20-R26_50-100_i79_24_dldesign_0",1162.79,1217.11,1014.42,824.406,28279.7,33176.4,30728.05,1189.95,919.413,FALSE
"BCMAE3FoldConditioned_1XU2ChainR_R18-R20-R26_50-100_i80_34_dldesign_0",0.985858,0.699048,6.40872,8.55847,499.72,362.678,431.199,0.842453,7.483595,FALSE
"BCMAE3FoldConditioned_1XU2ChainR_R18-R20-R26_50-100_i82_10_dldesign_0",72.1752,77.8274,193.567,165.494,7789.14,9856.55,8822.845,75.0013,179.5305,FALSE
"BCMAE3FoldConditioned_1XU2ChainR_R18-R20-R26_50-100_i83_32_dldesign_0",0,0,0,0,1.42168,0.310087,0.8658835,0,0,FALSE
"BCMAE3FoldConditioned_1XU2ChainR_R18-R20-R26_50-100_i84_16_dldesign_0",0,0,0,0,0,0,0,0,0,FALSE
"BCMAE3FoldConditioned_1XU2ChainR_R18-R20-R26_50-100_i84_25_dldesign_0",0,0,0,0,74.8751,58.1723,66.5237,0,0,FALSE
"BCMAE3FoldConditioned_1XU2ChainR_R18-R20-R26_50-100_i87_7_dldesign_0",16.3445,11.6508,129.124,100.269,3661.22,3225.46,3443.34,13.99765,114.6965,FALSE
"BCMAE3FoldConditioned_1XU2ChainR_R18-R20-R26_50-100_i88_4_dldesign_0",21.8964,13.8145,26.1096,22.0718,2092.47,1489.6,1791.035,17.85545,24.0907,FALSE
"BCMAE3FoldConditioned_1XU2ChainR_R18-R20-R26_50-100_i89_97_dldesign_0",11.8303,14.7799,4.09446,4.77473,1018.4,919.966,969.183,13.3051,4.434595,FALSE
"BCMAE3FoldConditioned_1XU2ChainR_R18-R20-R26_50-100_i90_57_dldesign_0",0,0.033288,0.05934,0,85.3007,52.9008,69.10075,0.016644,0.02967,FALSE
"BCMAE3FoldConditioned_1XU2ChainR_R18-R20-R26_50-100_i9_37_dldesign_0",81.1517,68.6732,252.195,228.106,9867.16,9155.13,9511.145,74.91245,240.1505,FALSE
"BCMAE3FoldConditioned_1XU2ChainR_R18-R20-R26_50-100_i9_46_dldesign_0",5.65571,5.72554,0,0,147.065,182.145,164.605,5.690625,0,FALSE
"BCMAE3FoldConditioned_1XU2ChainR_R18-R20-R26_50-100_i9_92_dldesign_0",41.5617,23.5346,118.027,93.8729,8033.83,6048.49,7041.16,32.54815,105.94995,FALSE
"BCMAE3NoCondition_1XU2ChainR_R18-R20-R26_50-100_i11_56_dldesign_0",19.6071,9.47218,2.9909,1.85904,53.658,49.1224,51.3902,14.53964,2.42497,FALSE
"BCMAE3NoCondition_1XU2ChainR_R18-R20-R26_50-100_i11_93_dldesign_0",16.2948,7.6401,36.058,26.9851,1745.14,1414.31,1579.725,11.96745,31.52155,FALSE
"BCMAE3NoCondition_1XU2ChainR_R18-R20-R26_50-100_i12_27_dldesign_0",0,0,0,0,0,0,0,0,0,FALSE
"BCMAE3NoCondition_1XU2ChainR_R18-R20-R26_50-100_i12_31_dldesign_0",0,0,0,0,0,0,0,0,0,FALSE
"BCMAE3NoCondition_1XU2ChainR_R18-R20-R26_50-100_i12_68_dldesign_0",0,0,0,0,0,0,0,0,0,FALSE
"BCMAE3NoCondition_1XU2ChainR_R18-R20-R26_50-100_i12_93_dldesign_0",50.7976,66.2431,82.0673,85.6748,602.634,659.865,631.2495,58.52035,83.87105,FALSE
"BCMAE3NoCondition_1XU2ChainR_R18-R20-R26_50-100_i12_94_dldesign_0",0,0,0,0,0,0,0,0,0,FALSE
"BCMAE3NoCondition_1XU2ChainR_R18-R20-R26_50-100_i15_16_dldesign_0",5356.58,9880.76,805.473,783.092,3887.07,3702.48,3794.775,7618.67,794.2825,FALSE
"BCMAE3NoCondition_1XU2ChainR_R18-R20-R26_50-100_i15_71_dldesign_0",0.0613835,0.063308,2.82337,3.20087,123.616,88.0111,105.81355,0.06234575,3.01212,FALSE
"BCMAE3NoCondition_1XU2ChainR_R18-R20-R26_50-100_i18_58_dldesign_0",9.52417,15.7914,0,2.62606,356.549,374.655,365.602,12.657785,1.31303,FALSE
"BCMAE3NoCondition_1XU2ChainR_R18-R20-R26_50-100_i18_82_dldesign_0",0,0,0,0,0,0,0,0,0,FALSE
"BCMAE3NoCondition_1XU2ChainR_R18-R20-R26_50-100_i19_60_dldesign_0",0,0,0,0,0,0.647851,0.3239255,0,0,FALSE
"BCMAE3NoCondition_1XU2ChainR_R18-R20-R26_50-100_i19_6_dldesign_0",101.005,49.444,258.105,214.242,9784.55,6872.24,8328.395,75.2245,236.1735,FALSE
"BCMAE3NoCondition_1XU2ChainR_R18-R20-R26_50-100_i19_96_dldesign_0",0,0,0,0,0,0,0,0,0,FALSE
"BCMAE3NoCondition_1XU2ChainR_R18-R20-R26_50-100_i1_28_dldesign_0",0,0,0,0,0.367747,0,0.1838735,0,0,FALSE
"BCMAE3NoCondition_1XU2ChainR_R18-R20-R26_50-100_i1_98_dldesign_0",703.472,460.4,1796.54,1391.8,21000,18307.4,19653.7,581.936,1594.17,FALSE
"BCMAE3NoCondition_1XU2ChainR_R18-R20-R26_50-100_i20_8_dldesign_0",1.48889,0,0,0,803.536,681.987,742.7615,0.744445,0,FALSE
"BCMAE3NoCondition_1XU2ChainR_R18-R20-R26_50-100_i20_94_dldesign_0",0,0,0,0,0,0.0656584,0.0328292,0,0,FALSE
"BCMAE3NoCondition_1XU2ChainR_R18-R20-R26_50-100_i2_90_dldesign_0",105.471,84.8687,223.851,195.598,17684.9,16699.7,17192.3,95.16985,209.7245,FALSE
"BCMAE3NoCondition_1XU2ChainR_R18-R20-R26_50-100_i3_11_dldesign_0",9.56359,6.50327,2.59273,2.76353,202.92,115.232,159.076,8.03343,2.67813,FALSE
"BCMAE3NoCondition_1XU2ChainR_R18-R20-R26_50-100_i3_22_dldesign_0",9.9641,6.05735,46.3112,34.482,1585.9,943.248,1264.574,8.010725,40.3966,FALSE
"BCMAE3NoCondition_1XU2ChainR_R18-R20-R26_50-100_i3_41_dldesign_0",803.003,633.725,2057.39,1602.47,30659.8,27912.5,29286.15,718.364,1829.93,FALSE
"BCMAE3NoCondition_1XU2ChainR_R18-R20-R26_50-100_i3_5_dldesign_0",90.8846,62.0803,354.176,299.308,2640.61,2321.07,2480.84,76.48245,326.742,FALSE
"BCMAE3NoCondition_1XU2ChainR_R18-R20-R26_50-100_i4_12_dldesign_0",0,0,0,0,0,0,0,0,0,FALSE
"BCMAE3NoCondition_1XU2ChainR_R18-R20-R26_50-100_i4_67_dldesign_0",123.973,131.386,456.233,422.305,9137.85,10855.7,9996.775,127.6795,439.269,FALSE
"BCMAE3NoCondition_1XU2ChainR_R18-R20-R26_50-100_i5_21_dldesign_0",34.8209,27.9274,96.9635,89.3594,5200.58,4799.51,5000.045,31.37415,93.16145,FALSE
"BCMAE3NoCondition_1XU2ChainR_R18-R20-R26_50-100_i5_69_dldesign_0",2350.35,2842.93,1951.41,1605.99,23407.8,30041.4,26724.6,2596.64,1778.7,FALSE
"BCMAE3NoCondition_1XU2ChainR_R18-R20-R26_50-100_i6_2_dldesign_0",901.93,890.903,503.116,453.533,2174.04,1585.27,1879.655,896.4165,478.3245,FALSE
"BCMAE3NoCondition_1XU2ChainR_R18-R20-R26_50-100_i7_38_dldesign_0",23.7389,50.1071,62.3829,55.5475,860.754,1370.4,1115.577,36.923,58.9652,FALSE
"BCMAE3NoCondition_1XU2ChainR_R18-R20-R26_50-100_i8_26_dldesign_0",243.404,185.269,5.7491,3.60451,50.6199,30.1987,40.4093,214.3365,4.676805,FALSE
"BCMAE3NoCondition_1XU2ChainR_R18-R20-R26_50-100_i9_46_dldesign_0",0,0,0,0,0,0,0,0,0,FALSE
"BCMAE3NoCondition_1XU2ChainR_R18-R20-R26_50-100_i9_90_dldesign_0",0,0,0,0,0,0,0,0,0,FALSE
