binder_id,CD19_M1F_R1,CD19_M1F_R2,CD19_M1_R1,CD19_M1_R2,CD19_M2F_R1,CD19_M2F_R2,CD19_M2_R1,CD19_M2_R2,CD19_M3F_R1,CD19_M3F_R2,CD19_parental_R1,CD19_parental_R2,CD19_parental_mean,CD19_M1_mean,CD19_M2_mean,CD19_M1F_mean,CD19_M2F_mean,CD19_M3F_mean,binder_name
i10_45_dldesign_6,1.45591,0.0430904,2817.55,0.555394,1.4443,0.179053,4.83651,41.159,1.43464,0.986905,1.01829,1.94161,1.47995,1409.052697,22.997754999999998,0.7495002000000001,0.8116764999999999,1.2107725,i10_45_dldesign_6
i10_56_dldesign_0,12838.8,22344.2,14707.3,138478.0,11.3738,19.5427,6744.34,261.455,9.12058,10.0392,3.01056,7.92425,5.467404999999999,76592.65,3502.8975,17591.5,15.45825,9.579889999999999,i10_56_dldesign_0
i10_66_dldesign_3,3.63304,1.92193,5030.23,0.832325,6.02145,0.596068,35755.9,114.026,139.865,1.78612,2.57809,5.81959,4.19884,2515.5311625,17934.963,2.777485,3.308759,70.82556000000001,i10_66_dldesign_3
i11_169_dldesign_0,6091.88,16.5888,5441.62,14.9212,9.09908,6.61444,17.8392,148.264,3.28939,4.27596,1.77092,3.06404,2.41748,2728.2706,83.05160000000001,3054.2344000000003,7.85676,3.7826750000000002,i11_169_dldesign_0
i11_32_dldesign_0,88.0769,1114.9,5403.87,0.591429,9.02197,0.617613,28619.7,128.599,110.941,45.3772,1.34316,4.64509,2.994125,2702.2307145,14374.1495,601.4884500000001,4.8197915,78.1591,i11_32_dldesign_0
i13_119_dldesign_0,0.0,0.0,0.0,0.0,0.0,0.0,0.0,0.0,0.0,0.0,0.0,0.0,0.0,0.0,0.0,0.0,0.0,0.0,i13_119_dldesign_0
i14_21_dldesign_0,650.716,177.651,10500.4,35.8915,13.3959,10.3726,18.3967,132.322,4.48553,4.46187,12194.7,5425.36,8810.03,5268.14575,75.35935,414.1835,11.88425,4.4737,i14_21_dldesign_0
i15_32_dldesign_0,41717.8,62982.0,15.6011,1802.24,49338.0,38621.5,197.904,1127.13,3450.27,2838.31,57.2892,34.761,46.0251,908.92055,662.517,52349.9,43979.75,3144.29,i15_32_dldesign_0
i16_0_dldesign_1,2078.27,58.4843,34535.2,6210.35,34.1215,1.965,61.3466,568.948,16.5057,24.0388,7.99171,30.0099,19.000805,20372.774999999998,315.1473,1068.37715,18.04325,20.27225,i16_0_dldesign_1
i16_128_dldesign_0,0.0,0.0,0.0,0.0,0.0,0.0,0.0,0.0,0.0,0.0,0.0,0.0,0.0,0.0,0.0,0.0,0.0,0.0,i16_128_dldesign_0
i16_33_dldesign_2,91.5299,422.402,1488.61,35.5018,280.763,17.0636,492.554,4072.76,401.721,305.48,141010.0,191912.0,166461.0,762.0559,2282.657,256.96595,148.9133,353.6005,i16_33_dldesign_2
i16_87_dldesign_4,2.0851,1.47989,5455.3,32.1259,5.15853,0.322894,6.06307,63.8192,2.2893,1.5124,1.17833,2.68272,1.9305250000000003,2743.71295,34.941135,1.782495,2.740712,1.90085,i16_87_dldesign_4
i17_14_dldesign_5,0.0,0.0,0.0,0.0,0.0,0.0,0.0,0.0,0.0,0.0,0.0,0.0,0.0,0.0,0.0,0.0,0.0,0.0,i17_14_dldesign_5
i18_2_dldesign_8,28.0614,107.676,13375.7,80187.6,57.122,49.7586,136.581,723.784,22.2781,32.3485,14046.0,3926.1,8986.05,46781.65,430.1825,67.8687,53.4403,27.313299999999998,i18_2_dldesign_8
i18_39_dldesign_0,0.0,0.0,0.0,0.0,0.0,0.0,0.0,0.0,0.0,0.0,0.0,0.0,0.0,0.0,0.0,0.0,0.0,0.0,i18_39_dldesign_0
i18_63_dldesign_7,80058.3,100092.0,28177.0,321.942,64133.7,6227.94,14106.0,4747.58,3133.9,1670.52,21319.1,39730.6,30524.85,14249.471,9426.79,90075.15,35180.82,2402.21,i18_63_dldesign_7
i1_95_dldesign_6,1.9638,1.38379,5835.95,0.425841,6.02145,0.403788,7.98447,62.0434,2.87509,2.85779,1.35043,3.56685,2.45864,2918.1879205,35.013935,1.6737950000000001,3.2126189999999997,2.86644,i1_95_dldesign_6
i20_137_dldesign_0,5407.97,68.1649,5484.29,1348.15,924.315,1034.26,78.0466,481.46,14.2042,17.6616,15297.1,10052.4,12674.75,3416.2200000000003,279.75329999999997,2738.06745,979.2875,15.9329,i20_137_dldesign_0
i20_38_dldesign_0,6.33092,27.4469,1265.21,24.1965,9.35183,12.1766,31.7761,173.772,4.48553,6.6928,4068.95,21065.7,12567.325,644.70325,102.77404999999999,16.88891,10.764215,5.5891649999999995,i20_38_dldesign_0
i20_3_dldesign_3,7.54424,0.333951,4335.92,3.2398,20.2202,0.990059,36.2739,354.425,11.4771,8.88214,15251.7,7583.65,11417.675,2169.5799,195.34945,3.9390955,10.605129499999999,10.17962,i20_3_dldesign_3
i21_80_dldesign_6,13.6326,0.492846,11128.6,3279.39,33.941,1.88533,65.8975,541.927,13.9365,22.6988,9.01917,27.4599,18.239535,7203.995,303.91225000000003,7.062723,17.913165000000003,18.31765,i21_80_dldesign_6
i22_21_dldesign_8,2048.06,4225.2,16211.8,1148.35,22.5549,1.66357,34904.7,385.796,477.376,147.777,4.92492,15.0072,9.966059999999999,8680.074999999999,17645.248,3136.63,12.109235,312.5765,i22_21_dldesign_8
i23_90_dldesign_7,20918.5,1960.43,53721.0,20062.9,206.019,14.9901,19303.9,89666.0,93.1567,96.0374,4794.84,120.249,2457.5445,36891.95,54484.95,11439.465,110.50455000000001,94.59705,i23_90_dldesign_7
i23_98_dldesign_6,2.35656,2.191,11303.5,23.9439,8.12896,0.499928,17.378,122.41,4.05895,4.46529,1.59596,6.75824,4.1771,5663.72195,69.894,2.27378,4.314444,4.26212,i23_98_dldesign_6
i24_85_dldesign_8,2424.41,21.0259,48329.1,3203.42,44.2576,2.4035,75.1479,590.251,19.9565,15.182,8.71639,28.1593,18.437845000000003,25766.26,332.69945,1222.71795,23.33055,17.56925,i24_85_dldesign_8
i25_43_dldesign_3,20.037,36.532,18135.3,4433.65,68.0118,4.1141,30939.2,905.475,299.393,151.994,14.1032,43.9497,29.02645,11284.474999999999,15922.3375,28.284499999999998,36.062949999999994,225.69349999999997,i25_43_dldesign_3
i26_66_dldesign_6,4.23326,18.8157,12366.1,1477.64,15.269,0.831877,31.6459,173.593,6.71774,8.56285,2.03348,8.64595,5.339715,6921.87,102.61945,11.52448,8.0504385,7.640295,i26_66_dldesign_6
i27_62_dldesign_6,944.935,3.83029,15573.9,3345.15,19.4094,1.64432,51.1717,353.878,12.2363,15.4415,6.32307,17.3973,11.860185000000001,9459.525,202.52485,474.38264499999997,10.526860000000001,13.838899999999999,i27_62_dldesign_6
i27_93_dldesign_2,0.0981902,0.0,28.9198,0.0,0.0,0.0,0.0,0.0,0.0,0.0,0.0,0.0,0.0,14.4599,0.0,0.0490951,0.0,0.0,i27_93_dldesign_2
i28_21_dldesign_0,0.0,0.0,0.0,0.0,0.0,0.0,0.0,0.0,0.0,0.0,0.0,0.0,0.0,0.0,0.0,0.0,0.0,0.0,i28_21_dldesign_0
i28_65_dldesign_3,0.883712,0.730333,1424.99,0.425841,2.70965,0.173052,14367.3,51.9823,1.86035,79.3036,0.491064,1.68956,1.090312,712.7079205,7209.6411499999995,0.8070225,1.441351,40.581975,i28_65_dldesign_3
i29_54_dldesign_3,5.42125,4.3868,2849.1,1.69414,12.5739,0.616434,20.5212,196.367,5.45909,9.26345,15637.7,10863.9,13250.8,1425.39707,108.44409999999999,4.904025,6.595167,7.36127,i29_54_dldesign_3
i30_35_dldesign_2,2.9806,1.49801,4969.24,4505.1,8.89836,11.5753,18.9215,148.079,5.11318,6.70641,2.71804,3.89681,3.307425,4737.17,83.50025000000001,2.239305,10.236830000000001,5.909795,i30_35_dldesign_2
i30_65_dldesign_7,0.278377,0.302017,1068.1,0.0900687,1.9767,0.047246,3.14478,31.1455,1.13874,0.169266,0.139193,1.50732,0.8232565000000001,534.09503435,17.145139999999998,0.290197,1.011973,0.654003,i30_65_dldesign_7
i31_15_dldesign_8,35.4189,116.725,337.427,119.369,49.5394,50.6606,118.185,682.334,26.3151,32.5345,42330.5,23177.8,32754.15,228.39800000000002,400.2595,76.07195,50.1,29.4248,i31_15_dldesign_8
i32_94_dldesign_0,1.28579,1.09934,1997.67,374.375,3.46999,0.169346,6.15611,45.8022,0.734708,1.80706,0.55965,1.2506,0.905125,1186.0225,25.979155,1.192565,1.819668,1.2708840000000001,i32_94_dldesign_0
i33_12_dldesign_2,1.94504,0.364504,5197.62,0.787848,5.92498,10.5831,9.32261,73.576,2.89405,74.9898,0.796826,2.50453,1.650678,2599.203924,41.449304999999995,1.1547720000000001,8.25404,38.941925,i33_12_dldesign_2
i33_163_dldesign_0,3526.32,1.50807,1615.06,2.82293,2.27477,1.80394,4.4598,25.5078,0.897106,0.929556,0.354184,0.528283,0.44123349999999995,808.941465,14.9838,1763.914035,2.039355,0.913331,i33_163_dldesign_0
i33_48_dldesign_1,64.6112,831.527,152.184,9.07617,99.5886,4.53248,145.852,1257.8,112.778,287.322,124271.0,100281.0,112276.0,80.630085,701.826,448.06910000000005,52.06054,200.05,i33_48_dldesign_1
i33_71_dldesign_5,0.0,0.0,0.0,0.0,0.0,0.0,0.0,0.0,0.0,0.0,0.0,0.0,0.0,0.0,0.0,0.0,0.0,0.0,i33_71_dldesign_5
i34_20_dldesign_7,0.0,0.0,0.0,0.0,0.0,0.0,0.0,0.0,0.0,0.0,0.0,0.0,0.0,0.0,0.0,0.0,0.0,0.0,i34_20_dldesign_7
i35_22_dldesign_3,7.17902,14.1223,13482.8,3997.4,29.8419,1.77315,32135.8,389.319,12.3064,242.547,5.82036,15.9005,10.86043,8740.1,16262.5595,10.65066,15.807525,127.4267,i35_22_dldesign_3
i35_43_dldesign_8,6.15104,5.39101,7784.4,1.90329,16.7652,1.25244,18616.4,258.55,8.80499,7.9401,3.42787,7.89036,5.659115,3893.151645,9437.475,5.771025,9.00882,8.372545,i35_43_dldesign_8
i35_85_dldesign_9,0.0,0.0,0.0,0.0,0.0,0.0,0.0,0.0,0.0,0.0,0.0,0.0,0.0,0.0,0.0,0.0,0.0,0.0,i35_85_dldesign_9
i35_96_dldesign_7,0.0,0.0,0.0,0.0,0.0,0.0,0.0,0.0,0.0,0.0,0.0,0.0,0.0,0.0,0.0,0.0,0.0,0.0,i35_96_dldesign_7
i36_10_dldesign_0,0.0,0.0,0.0,0.0,0.0,0.0,0.0,0.0,0.0,0.0,0.0,0.0,0.0,0.0,0.0,0.0,0.0,0.0,i36_10_dldesign_0
i36_76_dldesign_0,992.611,90.1673,7820.07,4.97784,9.99466,0.684927,19.122,124.366,4.75469,4.34815,1.82106,5.52325,3.672155,3912.5239199999996,71.744,541.38915,5.3397935,4.55142,i36_76_dldesign_0
i37_16_dldesign_0,10.2664,38.9083,1315.74,42.3439,17.4399,16.2354,38.4658,226.382,7.77492,10.7828,13478.7,3770.78,8624.74,679.04195,132.4239,24.58735,16.83765,9.27886,i37_16_dldesign_0
i37_30_dldesign_7,0.0,0.0,0.0,0.0,0.0,0.0,0.0,0.0,0.0,0.0,0.0,0.0,0.0,0.0,0.0,0.0,0.0,0.0,i37_30_dldesign_7
i37_64_dldesign_2,0.0,0.0,0.0,0.0,0.0,0.0,0.0,0.0,0.0,0.0,0.0,0.0,0.0,0.0,0.0,0.0,0.0,0.0,i37_64_dldesign_2
i37_72_dldesign_0,1633.79,1.03148,8431.54,7450.18,990.427,4.21302,129.377,980.957,34.8413,40.9565,16.8746,60.4672,38.6709,7940.860000000001,555.167,817.41074,497.32001,37.8989,i37_72_dldesign_0
i39_42_dldesign_2,6.75011,0.301633,15727.6,1343.78,19.8591,1.17964,15360.8,356.711,9.42764,12.3363,4.36411,13.8686,9.116355,8535.69,7858.755499999999,3.5258715,10.51937,10.881969999999999,i39_42_dldesign_2
i3_20_dldesign_8,5.26297,22.6211,3236.39,5900.48,13.3993,0.913036,29.6043,240.36,10.3645,7.92064,3.5885,12.9689,8.2787,4568.4349999999995,134.98215000000002,13.942034999999999,7.156168,9.14257,i3_20_dldesign_8
i3_82_dldesign_1,6.88082,2.27268,16958.6,1.21309,9.34984,0.557726,14.4581,155.457,30.6413,5.10435,2.0353,5.36545,3.700375,8479.906545,84.95755,4.57675,4.9537830000000005,17.872825,i3_82_dldesign_1
i40_65_dldesign_0,96.7174,135.996,21.6898,16.5304,1595.38,410.489,61847.7,29249.3,324262.0,260997.0,7862.06,7616.35,7739.205,19.110100000000003,45548.5,116.3567,1002.9345000000001,292629.5,i40_65_dldesign_0
i40_98_dldesign_0,816.346,80.5312,2817.32,18.9539,9866.43,25909.7,27.3163,164.207,454.683,166.576,2.03656,4.22627,3.1314150000000005,1418.13695,95.76165,448.4386,17888.065000000002,310.6295,i40_98_dldesign_0
i41_12_dldesign_5,0.0,0.0,0.0,0.0,0.0,0.0,0.0,0.0,0.0,0.0,0.0,0.0,0.0,0.0,0.0,0.0,0.0,0.0,i41_12_dldesign_5
i41_170_dldesign_0,99.0703,48.8616,3747.04,35928.6,18.9564,19.3923,1143.38,342.761,11.3633,12.642,12490.9,9916.4,11203.65,19837.82,743.0705,73.96595,19.174349999999997,12.00265,i41_170_dldesign_0
i47_295_dldesign_0,1.71106,8.1436,12103.3,8.87205,4.29679,5.41181,15905.9,108115.0,2.09325,1.30138,1324.47,1.16222,662.81611,6056.086025,62010.45,4.9273299999999995,4.8543,1.697315,i47_295_dldesign_0
i47_37_dldesign_0,696708.0,716279.0,38369.8,10957.8,799803.0,869776.0,151027.0,78157.5,659222.0,727698.0,3423.54,1323.56,2373.55,24663.800000000003,114592.25,706493.5,834789.5,693460.0,i47_37_dldesign_0
i48_282_dldesign_0,0.684424,5.42907,2726.06,2.82293,1.76927,2.25492,2.2299,33.479,0.897106,0.743645,277.414,0.422627,138.91831349999998,1364.4414649999999,17.85445,3.056747,2.012095,0.8203754999999999,i48_282_dldesign_0
i49_25_dldesign_3,0.642897,1.18391,5457.01,0.318462,1.73499,0.189269,2.36773,56.372,2.20412,1.60627,0.44772,1.42926,0.93849,2728.664231,29.369865,0.9134035,0.9621295,1.905195,i49_25_dldesign_3
i49_47_dldesign_6,0.0,0.00269315,0.0,0.0,0.0,0.0105325,0.604564,2.28661,0.204949,0.0,497.8,0.0,248.9,0.0,1.445587,0.001346575,0.00526625,0.1024745,i49_47_dldesign_6
i49_63_dldesign_1,55.6094,192.129,21.9521,196.395,88.4633,84.7851,206.823,1275.39,150.265,52.427,69142.2,60344.2,64743.2,109.17355,741.1065000000001,123.86919999999999,86.6242,101.34599999999999,i49_63_dldesign_1
i49_89_dldesign_4,0.0981902,0.0768772,31.0053,0.0387128,0.903217,0.038456,0.469675,5.03055,0.169123,0.0,586.331,135.916,361.12350000000004,15.522006399999999,2.7501124999999997,0.0875337,0.47083650000000005,0.0845615,i49_89_dldesign_4
i4_6_dldesign_0,2973.31,173.429,1677.88,28.6325,3.03303,1.20262,4.4598,22.3193,0.897106,0.371822,0.0885459,0.63394,0.36124294999999995,853.25625,13.38955,1573.3695,2.117825,0.6344639999999999,i4_6_dldesign_0
i50_283_dldesign_0,0.171106,0.60323,787.513,2.01638,0.505504,0.450984,0.0,4.78271,0.149518,0.185911,0.0,0.422627,0.2113135,394.76469000000003,2.391355,0.387168,0.478244,0.1677145,i50_283_dldesign_0
i50_78_dldesign_2,3220.92,1401.16,12846.3,3507.36,55.8668,3.08807,14346.1,618.33,179.085,23.8933,11.4169,29.6571,20.537,8176.83,7482.215,2311.04,29.477435,101.48915000000001,i50_78_dldesign_2
i51_104_dldesign_0,21.9016,89.278,709.369,42178.9,33.1105,37.8827,89.7535,529.287,15.8489,26.2135,11748.1,13896.3,12822.2,21444.1345,309.52025000000003,55.589800000000004,35.4966,21.0312,i51_104_dldesign_0
i51_46_dldesign_8,0.214299,1.26847,2518.17,0.0909891,1.38799,0.0896535,5532.92,21.1395,2.02045,2.00784,0.89544,0.357315,0.6263775,1259.13049455,2777.02975,0.7413845,0.73882175,2.014145,i51_46_dldesign_8
i51_7_dldesign_4,5.79322,4.57419,27358.6,685.003,24.6879,1.3748,34.7559,332.016,10.3165,13.2173,5.40171,14.8306,10.116155,14021.8015,183.38595,5.183705,13.03135,11.7669,i51_7_dldesign_4
i52_34_dldesign_0,1.3805,0.634237,0.760633,0.767466,3.51682,0.155311,21614.2,70.2567,2.48244,1.68553,3053.23,3.68494,1528.45747,0.7640495,10842.228350000001,1.0073685000000001,1.8360655000000001,2.083985,i52_34_dldesign_0
i53_51_dldesign_3,0.0,2.71453,0.138063,2.41965,1.01101,0.751641,2.78738,11.1597,0.149518,0.557734,1491.29,4.12061,747.705305,1.2788564999999998,6.973540000000001,1.357265,0.8813255,0.353626,i53_51_dldesign_3
i53_72_dldesign_2,110.51,126.213,89.4674,43.0228,402.043,21.585,621.698,4339.71,264.678,304.181,162856.0,172544.0,167700.0,66.2451,2480.704,118.3615,211.814,284.42949999999996,i53_72_dldesign_2
i53_8_dldesign_4,12.5737,0.0242383,1647.05,0.154276,1.4443,0.0737278,6456.75,16.0063,0.819795,0.986905,0.436411,0.832118,0.6342645,823.602138,3236.37815,6.2989691500000005,0.7590138999999999,0.9033500000000001,i53_8_dldesign_4
i54_10_dldesign_0,4371.58,11444.8,4063.62,8288.92,7.07706,9.47067,35303.8,140.293,4.78457,75.294,2.03656,3.69798,2.86727,6176.27,17722.0465,7908.19,8.273865,40.039285,i54_10_dldesign_0
i54_15_dldesign_7,0.684424,3.92099,4670.4,0.80655,2.27477,2.85623,3.90233,27.102,1.34566,0.557734,0.531276,0.422627,0.4769515,2335.603275,15.502165,2.3027070000000003,2.5655,0.951697,i54_15_dldesign_7
i54_22_dldesign_5,1.0715,1.01478,3017.35,0.159231,3.46999,0.1295,5.20901,29.9476,1.10206,1.60627,0.78351,1.78657,1.28504,1508.7546155,17.578305,1.04314,1.7997450000000002,1.354165,i54_22_dldesign_5
i55_32_dldesign_7,122.207,761.477,5363.54,1.94548,12545.2,882.555,36.8389,307.791,198.792,73.1228,5.70689,18.9492,12.328045,2682.74274,172.31495,441.842,6713.8775000000005,135.9574,i55_32_dldesign_7
i57_29_dldesign_8,5.88827,0.263579,3718.73,3.3965,16.0803,1.00935,962.818,269.622,231.707,12.5536,21353.7,10447.3,15900.5,1861.06325,616.22,3.0759245,8.544825000000001,122.13029999999999,i57_29_dldesign_8
i57_52_dldesign_1,1029.83,58.5612,6170.3,1579.96,180.226,9.86295,280.301,2246.76,79.7732,95.4702,70843.0,69615.3,70229.15,3875.13,1263.5305,544.1956,95.044475,87.6217,i57_52_dldesign_1
i57_71_dldesign_8,1.50009,3.3826,2050.02,353.811,10.063,0.298845,6825.23,72.2266,2.75515,2.20862,0.89544,3.93046,2.41295,1201.9155,3448.7282999999998,2.441345,5.1809225,2.481885,i57_71_dldesign_8
i57_9_dldesign_4,428.62,744.385,12623.4,27.826,13.6486,12.1766,16994.1,210.439,6.13022,7.80827,2.39074,4.96586,3.6783,6325.612999999999,8602.269499999999,586.5025,12.912600000000001,6.969245,i57_9_dldesign_4
i58_102_dldesign_0,39.8677,51.5761,29013.9,1084.41,25.0225,24.5035,54.6326,373.052,12.1109,11.7124,3.89602,9.08647,6.491245,15049.155,213.84230000000002,45.7219,24.762999999999998,11.911650000000002,i58_102_dldesign_0
i58_20_dldesign_9,14899.5,668.985,29260.5,2362.95,26008.1,5720.81,31822.3,1240.87,1808.94,493.682,24.5532,70.586,47.5696,15811.725,16531.585,7784.2425,15864.455,1151.3110000000001,i58_20_dldesign_9
i58_21_dldesign_0,5.30428,21.113,3441.5,192.765,10.6156,11.1243,22.8565,64729.3,2.84084,5.0196,1.59383,2.74707,2.1704499999999998,1817.1325,32376.078250000002,13.208639999999999,10.86995,3.93022,i58_21_dldesign_0
i58_325_dldesign_0,0.342212,0.60323,0.138063,2.01638,0.505504,1.0523,0.557475,12.7539,0.598071,0.185911,1544.51,0.528283,772.5191415,1.0772214999999998,6.6556875,0.47272100000000006,0.778902,0.391991,i58_325_dldesign_0
i58_82_dldesign_4,313.081,372.206,3195.08,3587.6,22.3084,2.08827,61.5479,452.526,13.3396,15.2339,7.09882,29.9311,18.514960000000002,3391.34,257.03695,342.6435,12.198335,14.286750000000001,i58_82_dldesign_4
i58_98_dldesign_1,0.132355,0.018852,1122.25,0.154276,1.80537,0.0737278,2.41826,20.5795,0.0,1.48036,0.290941,1.66424,0.9775905,561.202138,11.49888,0.0756035,0.9395488999999999,0.74018,i58_98_dldesign_1
i59_3_dldesign_6,0.312765,0.369971,1219.53,0.125492,1.61204,0.0489233,2.79834,16.3639,0.352199,0.56715,2454.04,286.894,1370.467,609.8277459999999,9.58112,0.341368,0.83048165,0.4596745,i59_3_dldesign_6
i5_31_dldesign_0,2.39548,8.1436,3542.84,4.43603,3.53853,4.66017,6.13223,39.856,0.897106,1.30138,0.44273,0.845253,0.6439915,1773.638015,22.994115,5.269539999999999,4.09935,1.099243,i5_31_dldesign_0
i5_33_dldesign_0,10.6086,47.3535,25450.0,49.1996,16.6816,20.144,66.897,280.586,8.37299,7.99418,3.45329,8.02991,5.7416,12749.5998,173.7415,28.981049999999996,18.412799999999997,8.183585,i5_33_dldesign_0
i60_11_dldesign_6,42.092,156.84,3583.71,77487.7,58.6385,74.4124,25903.7,100816.0,29.1559,40.9005,1678.65,5943.08,3810.865,40535.705,63359.85,99.46600000000001,66.52545,35.0282,i60_11_dldesign_6
i60_61_dldesign_3,0.834039,1.16277,4344.69,0.271899,5.15853,0.0978467,7.92863,54.0009,2.1132,2.83575,0.642726,1.89369,1.268208,2172.4809495,30.964765,0.9984045,2.62818835,2.474475,i60_61_dldesign_3
i60_93_dldesign_7,19.2688,0.951355,35375.5,938.113,60.2145,3.57593,67261.7,189745.0,927.484,131.814,12.078,45.8936,28.985799999999998,18156.8065,128503.35,10.1100775,31.895215,529.649,i60_93_dldesign_7
i64_387_dldesign_0,12.6618,44.0358,14956.3,61321.2,18.9564,24.6538,56.305,267.832,9.2701,12.642,4.51584,9.82607,7.170954999999999,38138.75,162.0685,28.3488,21.8051,10.95605,i64_387_dldesign_0
i66_208_dldesign_0,2.05327,9.35006,2564.94,13.7114,1.76927,3.90853,9.47708,49.4214,1.49518,1.11547,6197.15,1532.02,3864.585,1289.3257,29.44924,5.701664999999999,2.8388999999999998,1.3053249999999998,i66_208_dldesign_0
i68_27_dldesign_0,0.0,0.0,0.0,0.0,0.0,0.0,0.0,0.0,0.0,0.0,0.0,0.0,0.0,0.0,0.0,0.0,0.0,0.0,i68_27_dldesign_0
i69_197_dldesign_0,21.3882,73.2924,4641.27,32250.3,26.2862,29.9153,20700.7,87735.7,14.6527,59.1198,6.10967,13.2071,9.658385,18445.785,54218.2,47.3403,28.100749999999998,36.88625,i69_197_dldesign_0
i69_88_dldesign_0,37.9855,129.091,13.5302,138.323,52.8252,58.0267,152.748,900.745,355.703,76.4095,90256.0,64709.0,77482.5,75.92660000000001,526.7465,83.53825,55.42595,216.05624999999998,i69_88_dldesign_0
i70_160_dldesign_0,1.19774,3.01615,4427.27,76.6223,2.02202,2.55558,2.78738,30.2905,1.34566,0.929556,0.265638,0.422627,0.34413249999999995,2251.94615,16.53894,2.106945,2.2888,1.1376080000000002,i70_160_dldesign_0
i71_257_dldesign_0,677.066,3515.02,5066.78,21.3736,10.3628,10.974,39552.9,175.366,6.42926,36.0668,2.03656,4.43758,3.23707,2544.0768,19864.133,2096.043,10.6684,21.24803,i71_257_dldesign_0
i71_261_dldesign_0,4.44875,21.4147,8285.17,16070.9,6.3188,7.36608,23.9714,121.162,6.13022,5.0196,1.23964,3.69798,2.46881,12178.035,72.5667,12.931725,6.84244,5.574909999999999,i71_261_dldesign_0
i72_343_dldesign_0,0.0,0.0,0.0,0.0,0.0,0.0,0.0,0.0,0.0,0.0,0.0,0.0,0.0,0.0,0.0,0.0,0.0,0.0,i72_343_dldesign_0
i72_36_dldesign_0,3813.95,114.915,30115.5,87371.6,48.0229,50.5102,18527.1,723.784,21.6801,32.9063,10.8026,20.92,15.8613,58743.55,9625.442,1964.4325,49.266549999999995,27.2932,i72_36_dldesign_0
i72_485_dldesign_0,6.84424,22.3195,3542.43,20.1638,8.59357,8.71903,17153.5,111.597,6.57878,5.20551,8174.83,4448.78,6311.805,1781.2968999999998,8632.5485,14.58187,8.6563,5.892145,i72_485_dldesign_0
i73_311_dldesign_0,5.64649,16.8904,5761.24,16.5343,10.1101,7.21575,6853.6,6684.64,4.93408,3.90413,1.41674,3.59233,2.504535,2888.88715,6769.120000000001,11.268445,8.662925,4.419105,i73_311_dldesign_0
i75_260_dldesign_0,10.7797,40.1148,12716.5,114.127,16.9344,20.7453,16002.3,82755.3,45.3039,8.73783,3.01056,8.66385,5.837205,6415.3135,49378.8,25.44725,18.83985,27.020865,i75_260_dldesign_0
i75_68_dldesign_0,10.7797,38.9083,3765.67,34.2784,14.4069,19.242,13208.3,97570.6,7.32637,10.5969,1025.1,174.122,599.611,1899.9742,55389.450000000004,24.843999999999998,16.82445,8.961635,i75_68_dldesign_0
i76_10_dldesign_0,3335.88,15134.4,4636.03,27.826,8.34082,13.2289,12155.8,184.932,91.6543,73.8067,2.39074,6.86768,4.6292100000000005,2331.928,6170.366,9235.14,10.78486,82.7305,i76_10_dldesign_0
i76_113_dldesign_0,12.6618,17.4937,4666.68,41777.3,9.60458,12.9282,29.5462,6895.08,7.17685,4.46187,2.92202,4.01495,3.468485,23221.99,3462.3131,15.07775,11.266390000000001,5.81936,i76_113_dldesign_0
i76_343_dldesign_0,0.171106,0.904844,0.138063,2.01638,1.76927,0.150328,0.0,11.1597,0.149518,0.0,779.559,25.6746,402.6168,1.0772214999999998,5.57985,0.537975,0.959799,0.074759,i76_343_dldesign_0
i77_109_dldesign_0,0.513318,3.31776,1346.94,1.6131,0.758256,0.751641,1.67243,14.3481,0.448553,0.557734,0.44273,0.211313,0.3270215,674.27655,8.010265,1.9155389999999999,0.7549485,0.5031435,i77_109_dldesign_0
i78_293_dldesign_0,0.0,0.0,12.8399,0.0,0.0,0.0,0.0,0.0,0.0,0.0,0.0,0.0,0.0,6.41995,0.0,0.0,0.0,0.0,i78_293_dldesign_0
i78_310_dldesign_0,0.0,0.0,0.0,0.0,0.0,0.0,0.0,0.0,0.0,0.0,0.0,0.0,0.0,0.0,0.0,0.0,0.0,0.0,i78_310_dldesign_0
i79_10_dldesign_0,459.248,412.006,1347.36,178.651,69.5068,72.4581,144.944,848.135,28.4084,45.1764,15466.9,18504.5,16985.7,763.0055,496.5395,435.62699999999995,70.98245,36.7924,i79_10_dldesign_0
i7_23_dldesign_9,1421.35,39.9569,391.615,14.9835,0.623225,0.0913036,12211.2,7.63046,66.2177,0.0,0.0,0.205856,0.102928,203.29925,6109.4152300000005,730.6534499999999,0.35726430000000003,33.10885,i7_23_dldesign_9
i80_193_dldesign_0,0.0,0.0,0.0,0.0,0.0,0.0,0.0,0.0,0.0,0.0,0.0,0.0,0.0,0.0,0.0,0.0,0.0,0.0,i80_193_dldesign_0
i82_434_dldesign_0,0.0,0.0,0.0,0.0,0.0,0.0,0.0,0.0,0.0,0.0,0.0,0.0,0.0,0.0,0.0,0.0,0.0,0.0,i82_434_dldesign_0
i83_409_dldesign_0,4116.98,57.91,13851.6,54227.6,21.4839,24.5035,64.6671,350.732,11.0643,13.3856,6.10967,12.0449,9.077285,34039.6,207.69955000000002,2087.4449999999997,22.993699999999997,12.22495,i83_409_dldesign_0
i85_173_dldesign_0,2.56659,9.95329,3458.76,8.87205,3.53853,3.15689,4.4598,68.5522,0.897106,1.85911,0.44273,1.16222,0.802475,1733.816025,36.506,6.25994,3.34771,1.378108,i85_173_dldesign_0
i85_188_dldesign_0,11.4641,49.1632,6448.52,47555.0,16.9344,22.2486,51.2877,320.442,8.22347,66.1844,3.63038,8.87516,6.25277,27001.760000000002,185.86485,30.313650000000003,19.5915,37.203935,i85_188_dldesign_0
i86_463_dldesign_0,16859.2,24915.5,28588.6,625.076,6533.64,12713.1,13734.5,13920.9,114.531,327.947,15.5841,32.7536,24.16885,14606.838,13827.7,20887.35,9623.37,221.239,i86_463_dldesign_0
i87_219_dldesign_0,304.226,1643.2,29016.8,70750.6,31.594,38.7847,7709.33,546.824,108.699,17.4757,11106.1,14017.3,12561.7,49883.700000000004,4128.077,973.713,35.189350000000005,63.08735,i87_219_dldesign_0
i87_378_dldesign_0,5.8176,172.825,4175.31,49547.2,4.54954,6.31378,17.2817,95.6543,3.28939,3.53231,1.06255,2.85273,1.95764,26861.254999999997,56.468,89.3213,5.431660000000001,3.41085,i87_378_dldesign_0
i88_21_dldesign_0,0.0,0.0,0.0,0.0,0.0,0.0,0.0,0.0,0.0,0.0,0.0,0.0,0.0,0.0,0.0,0.0,0.0,0.0,i88_21_dldesign_0
i88_278_dldesign_0,4436.43,606.849,18151.7,4042.83,14.1541,18.4904,41.8107,240.73,10.1672,9.10965,3.09911,6.86768,4.983395,11097.265,141.27035,2521.6395,16.32225,9.638425,i88_278_dldesign_0
i89_343_dldesign_0,50294.7,24942.0,31864.9,48004.2,25395.0,37614.5,52721.6,916.687,1179.1,2048.0,12.1308,21.1313,16.631050000000002,39934.55,26819.1435,37618.35,31504.75,1613.55,i89_343_dldesign_0
i89_421_dldesign_0,0.0,0.0,0.0,0.0,0.0,0.0,0.0,0.0,0.0,0.0,0.0,0.0,0.0,0.0,0.0,0.0,0.0,0.0,i89_421_dldesign_0
i89_489_dldesign_0,0.513318,0.0,828.794,0.403275,0.0,0.0,1.67243,7.97119,0.149518,0.557734,0.0,0.211313,0.1056565,414.5986375,4.82181,0.256659,0.0,0.353626,i89_489_dldesign_0
i8_57_dldesign_0,1.36885,5.73068,3127.96,245.998,1.51651,1.95427,11442.2,25.5078,68.3296,115.451,0.44273,0.528283,0.48550649999999995,1686.979,5733.8539,3.5497650000000003,1.73539,91.8903,i8_57_dldesign_0
i8_76_dldesign_0,3195.98,143.456,11180.7,6700.49,30.6913,2.08544,68.3158,589.946,16.3959,23.1923,9.16464,30.511,19.83782,8940.595000000001,329.1309,1669.718,16.38837,19.7941,i8_76_dldesign_0
i90_174_dldesign_0,3.59322,11.1597,10830.6,39.9242,3.79128,3.7582,10.592,74.9292,809.788,1.6732,1229.02,187.435,708.2275,5435.2621,42.7606,7.376460000000001,3.77474,405.7306,i90_174_dldesign_0
i90_50_dldesign_0,1.71106,7.23876,402.04,10.0819,3.79128,3.7582,26940.0,46.2329,0.299035,111.361,0.354184,1.16222,0.758202,206.06095000000002,13493.11645,4.47491,3.77474,55.830017500000004,i90_50_dldesign_0
i9_35_dldesign_1,19.2869,35.8555,26.644,8.28001,70.7877,4.02445,107.969,864.958,31.4088,111.234,27946.4,42397.7,35172.05,17.462004999999998,486.46349999999995,27.571199999999997,37.406075,71.3214,i9_35_dldesign_1
i9_54_dldesign_9,3732.13,46.0879,10595.1,9.91782,90.5667,4.96083,13062.3,1204.95,515.397,225.481,41150.5,83189.7,62170.1,5302.5089100000005,7133.625,1889.10895,47.763765,370.439,i9_54_dldesign_9
