elapsed_hours,cellline,donor,NB,m971,X819258_WT,nonint_4434
0,K562,donor1,100,100,100,100
4,K562,donor1,104.9875,104.9775,106.9739,106.2803
8,K562,donor1,116.4635,116.1175,119.1096,119.5196
12,K562,donor1,131.4394,129.6313,133.5887,134.4978
16,K562,donor1,149.6126,145.8888,152.0459,154.246
20,K562,donor1,173.2936,168.4752,175.0682,178.0601
24,K562,donor1,209.6292,201.9948,210.1345,212.3963
28,K562,donor1,237.8686,229.553,239.3302,242.8044
32,K562,donor1,279.2245,267.9037,281.3919,285.9192
36,K562,donor1,327.3485,313.9876,329.8246,329.8217
40,K562,donor1,388.552,370.1971,387.3002,392.0043
44,K562,donor1,463.6282,438.2797,458.6516,464.4763
48,K562,donor1,549.5295,519.8687,547.9221,548.7684
52,K562,donor1,651.3685,611.9479,643.0027,643.4042
56,K562,donor1,761.0712,717.5038,762.4858,750.9461
60,K562,donor1,919.5342,844.3843,890.6897,868.8284
64,K562,donor1,1080.413,992.9279,1036.602,1039.27
68,K562,donor1,1276.125,1171.153,1219.598,1212.588
72,K562,donor1,1463.269,1372.954,1425.114,1425.617
0,K562 CD22,donor1,100,100,100,100
4,K562 CD22,donor1,107.0258,107.0368,107.162,107.6228
8,K562 CD22,donor1,121.796,123.8794,123.5149,126.1752
12,K562 CD22,donor1,140.5298,144.1374,142.6397,145.6494
16,K562 CD22,donor1,162.353,164.6879,166.613,167.3061
20,K562 CD22,donor1,189.9182,192.0057,193.87,194.7373
24,K562 CD22,donor1,227.7929,225.1202,231.7996,227.4946
28,K562 CD22,donor1,260.8358,248.1904,259.8186,251.4745
32,K562 CD22,donor1,301.4005,273.768,295.4243,281.6991
36,K562 CD22,donor1,345.1456,308.049,336.5414,314.7853
40,K562 CD22,donor1,398.0476,350.8264,381.6371,359.0919
44,K562 CD22,donor1,458.8734,379.4222,435.9865,401.0343
48,K562 CD22,donor1,530.7249,408.4092,496.2393,448.6116
52,K562 CD22,donor1,611.0358,468.4012,560.8105,523.0608
56,K562 CD22,donor1,699.7775,505.3098,623.7365,566.0867
60,K562 CD22,donor1,786.7755,560.8253,676.6772,634.8325
64,K562 CD22,donor1,883.7562,606.1102,749.6093,707.8712
68,K562 CD22,donor1,985.0852,605.2798,821.6653,777.8254
72,K562 CD22,donor1,1100.761,707.0074,900.5994,814.3171
0,RPMI-8226,donor1,100,100,100,100
4,RPMI-8226,donor1,110.8045,105.3942,109.8834,108.1061
8,RPMI-8226,donor1,124.4475,119.6006,122.7904,122.3352
12,RPMI-8226,donor1,138.0262,134.6505,133.0918,135.4932
16,RPMI-8226,donor1,151.4975,140.9139,142.0768,142.3344
20,RPMI-8226,donor1,164.4282,155.2095,151.7787,152.7829
24,RPMI-8226,donor1,186.2529,168.0012,166.3665,164.5253
28,RPMI-8226,donor1,192.2768,177.91,169.1452,171.5447
32,RPMI-8226,donor1,199.7255,188.2798,179.059,186.1235
36,RPMI-8226,donor1,207.6966,193.3261,187.545,195.6841
40,RPMI-8226,donor1,223.0192,197.3824,195.7881,203.0674
44,RPMI-8226,donor1,238.8356,205.6586,208.8872,220.4132
48,RPMI-8226,donor1,251.7348,218.1612,218.1159,235.7767
52,RPMI-8226,donor1,260.5746,234.7514,219.9709,253.1027
56,RPMI-8226,donor1,275.2072,252.9801,224.0161,268.498
60,RPMI-8226,donor1,277.666,270.4747,221.6819,287.3683
64,RPMI-8226,donor1,288.0009,296.3201,216.0726,309.4875
68,RPMI-8226,donor1,300.851,330.7882,219.4305,331.0023
72,RPMI-8226,donor1,323.7128,358.2378,211.9688,358.6009
0,K562,donor2,100,100,100,100
4,K562,donor2,117.0142,120.9217,118.3031,116.6063
8,K562,donor2,129.6129,136.8885,133.4424,131.1175
12,K562,donor2,143.7221,154.7666,147.3948,146.9838
16,K562,donor2,170.7996,182.5103,166.9847,166.423
20,K562,donor2,183.0876,199.6,188.9767,186.0285
24,K562,donor2,212.5498,238.6806,218.3125,213.2604
28,K562,donor2,248.5795,267.824,246.2467,246.6981
32,K562,donor2,282.3483,323.7079,290.111,285.4969
36,K562,donor2,324.546,358.6046,337.2238,321.2796
40,K562,donor2,385.303,412.0564,377.8979,376.5839
44,K562,donor2,429.7647,451.4847,434.4588,441.7296
48,K562,donor2,508.237,528.6401,509.403,507.2842
52,K562,donor2,590.5502,611.179,592.4238,591.3502
56,K562,donor2,689.6112,756.9722,691.1913,688.7263
60,K562,donor2,837.1626,878.5507,828.2287,814.7216
64,K562,donor2,921.6674,997.2952,960.4913,920.4324
68,K562,donor2,1068.776,1152.668,1121.312,1073.711
72,K562,donor2,1251.832,1272.446,1273.997,1230.635
0,K562 CD22,donor2,100,100,100,100
4,K562 CD22,donor2,125.891,108.3181,110.0103,115.1851
8,K562 CD22,donor2,139.7831,110.6795,117.8883,125.3543
12,K562 CD22,donor2,155.6736,110.6041,124.4302,134.6826
16,K562 CD22,donor2,174.9503,116.0191,133.0859,145.8277
20,K562 CD22,donor2,189.8079,117.5282,145.2495,159.0297
24,K562 CD22,donor2,215.0351,125.1444,156.8005,173.3855
28,K562 CD22,donor2,245.6997,129.9388,171.7171,190.3046
32,K562 CD22,donor2,281.1317,132.9657,186.002,212.517
36,K562 CD22,donor2,323.4901,136.6333,204.3199,229.9432
40,K562 CD22,donor2,376.9646,141.9594,222.1777,252.7709
44,K562 CD22,donor2,415.6976,149.6044,244.7297,284.4696
48,K562 CD22,donor2,495.2112,154.08,270.8786,315.8889
52,K562 CD22,donor2,575.8987,160.1229,300.0475,357.2548
56,K562 CD22,donor2,674.4409,169.886,330.1823,398.964
60,K562 CD22,donor2,811.5466,187.6739,369.0175,438.7621
64,K562 CD22,donor2,908.676,185.1043,402.9954,491.2442
68,K562 CD22,donor2,1029.062,232.6008,454.04,557.107
72,K562 CD22,donor2,1213,236.8506,502.9495,612.2955
0,RPMI-8226,donor2,100,100,100,100
4,RPMI-8226,donor2,122.1731,114.5139,112.1002,108.431
8,RPMI-8226,donor2,130.3071,124.2582,113.5387,115.7645
12,RPMI-8226,donor2,134.6251,131.3292,107.9381,117.7077
16,RPMI-8226,donor2,142.4306,138.1347,109.5441,121.0488
20,RPMI-8226,donor2,138.8298,148.4159,103.9904,130.3969
24,RPMI-8226,donor2,160.3478,157.7018,102.3189,133.9677
28,RPMI-8226,donor2,173.2171,171.8968,98.12106,139.9207
32,RPMI-8226,donor2,181.2425,188.4926,98.69637,147.4789
36,RPMI-8226,donor2,199.2814,206.7285,91.41061,159.0356
40,RPMI-8226,donor2,224.5475,225.0773,83.28923,169.9595
44,RPMI-8226,donor2,227.3461,248.219,83.21357,183.2967
48,RPMI-8226,donor2,271.0197,277.3921,78.63244,192.5709
52,RPMI-8226,donor2,299.8811,307.0393,76.14508,206.1169
56,RPMI-8226,donor2,337.6122,331.4103,70.60463,219.1974
60,RPMI-8226,donor2,381.6873,365.7349,66.03316,240.188
64,RPMI-8226,donor2,414.8428,400.1573,58.95472,260.8212
68,RPMI-8226,donor2,447.5439,437.9272,54.0417,275.7137
72,RPMI-8226,donor2,512.256,484.6674,45.02182,302.5227
0,K562,donor3,100,100,100,100
4,K562,donor3,110.786,113.2069,111.1261,110.629
8,K562,donor3,122.4749,123.8208,122.7971,121.3388
12,K562,donor3,136.8932,136.0388,137.19,133.4466
16,K562,donor3,152.6883,152.0899,151.3308,149.4113
20,K562,donor3,172.0764,172.0617,171.6918,170.73
24,K562,donor3,195.7449,196.2781,195.7213,194.276
28,K562,donor3,219.1551,221.3907,221.5736,216.3325
32,K562,donor3,242.7382,246.8905,249.1776,241.9918
36,K562,donor3,277.451,284.575,284.2985,277.9756
40,K562,donor3,313.089,318.0864,318.8212,314.8707
44,K562,donor3,355.1231,366.4773,368.116,361.6818
48,K562,donor3,406.944,419.1241,421.8842,414.0024
52,K562,donor3,460.8422,480.1657,480.4044,483.9992
56,K562,donor3,523.3494,554.2889,552.7804,552.8969
60,K562,donor3,594.3815,641.7874,637.0878,630.816
64,K562,donor3,687.8046,738.9124,737.587,721.6763
68,K562,donor3,843.9494,893.6611,892.767,872.921
72,K562,donor3,923.3354,984.7911,992.6223,957.6672
0,K562 CD22,donor3,100,100,100,100
4,K562 CD22,donor3,112.7143,111.7913,110.8113,110.6682
8,K562 CD22,donor3,125.0568,123.9488,122.4753,122.1053
12,K562 CD22,donor3,137.5726,133.596,131.6487,132.1313
16,K562 CD22,donor3,154.1083,145.4196,145.8201,145.5067
20,K562 CD22,donor3,172.9939,161.5265,163.0573,161.9303
24,K562 CD22,donor3,198.8693,181.3121,182.8357,179.5516
28,K562 CD22,donor3,227.4412,202.46,201.5131,197.3108
32,K562 CD22,donor3,254.3553,221.267,223.9905,211.8714
36,K562 CD22,donor3,290.5565,239.717,246.6471,234.2462
40,K562 CD22,donor3,330.0641,265.4007,272.5543,255.4794
44,K562 CD22,donor3,381.1948,291.1297,310.1982,276.703
48,K562 CD22,donor3,435.4605,320.4813,347.7121,302.7891
52,K562 CD22,donor3,508.7164,353.9758,378.5878,333.6108
56,K562 CD22,donor3,582.8979,389.227,426.7776,363.9808
60,K562 CD22,donor3,678.1641,434.3617,472.7403,396.7918
64,K562 CD22,donor3,782.3805,498.742,525.5115,428.6074
68,K562 CD22,donor3,965.4896,623.8372,589.6586,494.6405
72,K562 CD22,donor3,1076.06,592.1407,601.249,508.1424
0,RPMI-8226,donor3,100,100,100,100
4,RPMI-8226,donor3,104.8774,104.0239,102.6729,104.0439
8,RPMI-8226,donor3,108.177,106.9904,104.3163,107.0706
12,RPMI-8226,donor3,112.2393,107.9364,103.9336,107.9614
16,RPMI-8226,donor3,116.8348,111.0527,103.4756,109.2084
20,RPMI-8226,donor3,122.4028,114.7549,101.816,109.965
24,RPMI-8226,donor3,128.2961,123.2587,101.1792,112.0623
28,RPMI-8226,donor3,133.4229,129.4218,102.715,111.498
32,RPMI-8226,donor3,140.3017,135.7052,103.3261,115.3121
36,RPMI-8226,donor3,146.653,141.6719,102.6604,118.8899
40,RPMI-8226,donor3,154.6559,151.0431,101.4652,122.9464
44,RPMI-8226,donor3,159.845,160.0751,95.77467,126.384
48,RPMI-8226,donor3,167.5212,171.0391,97.30136,130.8745
52,RPMI-8226,donor3,176.7382,180.8598,95.91991,136.7901
56,RPMI-8226,donor3,189.0625,194.8538,98.2233,142.2933
60,RPMI-8226,donor3,203.9168,212.2274,101.7683,153.9722
64,RPMI-8226,donor3,219.2392,228.5269,102.1159,162.7189
68,RPMI-8226,donor3,253.6738,260.7771,109.0715,175.6199
72,RPMI-8226,donor3,259.8734,268.2059,107.8397,175.2043