binder_id,M1000_Rep1,M1000_Rep2,M100_Rep1,M100_Rep2,M500_Rep1,M500_Rep2,Parental_Rep1,CD22_parental_mean,CD22_1000_mean,CD22_500_mean,CD22_100_mean
CD22_l50_s13448_mpnn2,50.1822,0.361029,8.49572,26.2071,3.4165,11.06,8772.88,8772.88,25.271614500000002,7.238250000000001,17.35141
CD22_l50_s384330_mpnn1,29733.3,21271.9,16.1252,39.2364,9.3755,12.0278,17252.3,17252.3,25502.6,10.70165,27.6808
CD22_l50_s499119_mpnn1,145.544,28.1603,31.1177,82.4856,12.7125,16.7283,55737.9,55737.9,86.85215000000001,14.720400000000001,56.80165
CD22_l50_s50724_mpnn1,44.2558,10.7587,6.99647,30.0713,7.94534,11.1983,16690.8,16690.8,27.50725,9.571819999999999,18.533885
CD22_l50_s50724_mpnn2,31.0175,0.866471,8.49572,20.3118,10.9646,6.636,10244.5,10244.5,15.9419855,8.8003,14.403760000000002
CD22_l50_s71213_mpnn1,12618.7,8385.99,4.93085,12.6825,3.5754,7.742,15477.8,15477.8,10502.345000000001,5.6587,8.806675
CD22_l51_s257104_mpnn1,58.1241,7.45568,18.9672,66.1633,15.3718,10.5083,40895.1,40895.1,32.78989,12.94005,42.565250000000006
CD22_l51_s257104_mpnn2,459.643,316.698,11.6934,37.821,14.6969,24.6098,45969.5,45969.5,388.17049999999995,19.65335,24.757199999999997
CD22_l51_s345688_mpnn1,12.073,0.0671683,0.0,8.3056,0.0,3.38979,1972.25,1972.25,6.0700841500000005,1.694895,4.1528
CD22_l51_s607909_mpnn1,30.1464,5.84364,9.29944,28.4831,5.99873,18.915,12872.7,12872.7,17.99502,12.456865,18.89127
CD22_l51_s688978_mpnn1,30.5079,1.14186,4.97198,32.1901,9.59797,5.96602,12601.2,12601.2,15.82488,7.781995,18.58104
CD22_l51_s688978_mpnn2,41.352,4.09726,2.67014,22.6644,2.47448,6.44059,10381.6,10381.6,22.724629999999998,4.457535,12.66727
CD22_l52_s508122_mpnn1,277.189,132.67,9.98575,28.5695,8.30594,20.5258,23787.9,23787.9,204.92950000000002,14.41587,19.277625
CD22_l52_s7333_mpnn2,13.6311,0.188363,1.56472,11.7665,0.922882,4.77053,4047.8,4047.8,6.9097315,2.846706,6.66561
CD22_l52_s770345_mpnn1,78724.0,57465.2,124421.0,148364.0,93207.2,162146.0,19298.1,19298.1,68094.6,127676.6,136392.5
CD22_l52_s821159_mpnn1,17.6523,3.26496,4.8933,26.1182,3.1236,6.71641,4283.7,4283.7,10.45863,4.920005,15.50575
CD22_l52_s821159_mpnn2,5075.75,3908.1,4.58036,36.3248,3.76252,22.1579,15099.2,15099.2,4491.925,12.96021,20.45258
CD22_l53_s20321_mpnn1,181.6,35.6609,3.18154,24.2763,10.7168,9.29168,11877.7,11877.7,108.63045,10.00424,13.728919999999999
CD22_l53_s564778_mpnn1,43.7077,0.0589436,1.16657,17.1886,8.22298,8.00604,1848.34,1848.34,21.8833218,8.11451,9.177585
CD22_l53_s564778_mpnn2,32.4262,1.94514,2.59826,42.6109,4.5159,5.66851,11889.4,11889.4,17.185670000000002,5.092205,22.60458
CD22_l53_s583253_mpnn1,12.184,0.0,2.25359,5.22026,1.14583,3.38942,739.954,739.954,6.092,2.267625,3.736925
CD22_l53_s634861_mpnn1,19.9844,0.235774,4.93139,10.101,0.876219,3.44786,3208.51,3208.51,10.110087,2.1620395,7.516195000000001
CD22_l53_s834230_mpnn1,21.7811,2.43371,5.50826,17.8477,1.21323,5.37632,5432.26,5432.26,12.107405,3.294775,11.67798
CD22_l53_s834230_mpnn2,24.7631,5.99523,1.75626,15.9779,3.43748,4.90881,12387.2,12387.2,15.379165,4.173145,8.86708
CD22_l53_s870494_mpnn1,30.879,2.06303,5.19652,23.8519,8.62739,12.5642,12603.4,12603.4,16.471015,10.595794999999999,14.52421
CD22_l53_s870494_mpnn2,33.4577,0.235774,4.136,22.4089,3.43748,3.5063,6480.1,6480.1,16.846737,3.47189,13.27245
CD22_l54_s166328_mpnn1,49.1072,2.99932,8.4895,31.9188,7.57059,18.969,17894.6,17894.6,26.053259999999998,13.269795,20.20415
CD22_l54_s166328_mpnn2,28.4369,0.222172,3.79793,22.5619,4.17024,0.109331,5629.96,5629.96,14.329536000000001,2.1397855,13.179915000000001
CD22_l54_s324923_mpnn1,1035.72,615.75,6.65259,50.3896,8.72543,16.5637,20724.6,20724.6,825.735,12.644565,28.521095000000003
CD22_l54_s508517_mpnn1,25002.7,17326.8,8.56397,33.5796,7.37812,16.181,27206.4,27206.4,21164.75,11.77956,21.071785
CD22_l54_s72762_mpnn1,43.7723,1.05532,13.2553,39.3243,5.29464,11.568,19303.0,19303.0,22.41381,8.43132,26.2898
CD22_l54_s72762_mpnn2,35.423,0.277715,6.72731,25.3234,4.77809,7.29167,9480.45,9480.45,17.8503575,6.034879999999999,16.025355
CD22_l54_s767115_mpnn1,7.82781,3.88801,1.48939,2.6329,0.769891,1.63997,834.926,834.926,5.85791,1.2049305,2.061145
CD22_l54_s782100_mpnn1,28.5279,1.61075,5.39507,24.591,2.95125,9.34783,9579.47,9579.47,15.069325,6.14954,14.993035
CD22_l54_s782100_mpnn2,29.936,0.111086,10.4421,20.3302,4.42687,5.52123,10133.0,10133.0,15.023543,4.97405,15.38615
CD22_l54_s812246_mpnn1,17.9795,1.5552,1.21633,10.2885,5.38924,4.75591,3935.3,3935.3,9.76735,5.0725750000000005,5.752415
CD22_l54_s91983_mpnn1,52.3484,36.214,1.14186,12.6379,5.13261,4.64658,6401.72,6401.72,44.2812,4.889595,6.88988
CD22_l54_s967599_mpnn1,39.9952,5.66538,5.28732,29.8125,10.8426,15.0331,29107.4,29107.4,22.830289999999998,12.93785,17.54991
CD22_l55_s686475_mpnn1,29.5959,0.230036,2.45026,13.0941,1.34665,4.67291,7105.77,7105.77,14.912968,3.00978,7.77218
CD22_l55_s798497_mpnn1,64.9756,10.735,13.4181,24.2124,6.97812,10.3728,26289.1,26289.1,37.8553,8.67546,18.81525
CD22_l55_s928297_mpnn1,11.383,7.5912,2.73029,9.56874,2.08119,2.51618,6648.16,6648.16,9.4871,2.298685,6.149515
CD22_l55_s928297_mpnn2,10.0294,0.0,2.03022,0.0387398,1.16302,2.36213,3298.32,3298.32,5.0147,1.762575,1.0344799
CD22_l56_s173048_mpnn1,31.3596,2.76986,3.94099,25.4651,5.5598,9.62657,10173.1,10173.1,17.06473,7.593185,14.703045
CD22_l56_s216547_mpnn1,10.2387,0.0710222,2.46587,12.5098,1.34606,4.81329,3921.27,3921.27,5.1548611,3.079675,7.4878350000000005
CD22_l56_s216547_mpnn2,16.4404,0.0710222,1.87142,19.0432,3.04326,1.997,4272.0,4272.0,8.255711100000001,2.52013,10.45731
CD22_l56_s263643_mpnn1,12.9885,0.142044,2.59797,9.13181,3.21883,3.994,6903.95,6903.95,6.565272,3.606415,5.86489
CD22_l56_s263643_mpnn2,4.27099,0.284089,1.01277,8.72348,3.97965,3.68677,5525.3,5525.3,2.2775395,3.8332100000000002,4.868125
CD22_l56_s383311_mpnn1,33.1733,13.5652,7.55174,20.825,5.91095,13.5694,14130.1,14130.1,23.36925,9.740175,14.188369999999999
CD22_l56_s539291_mpnn1,25.1579,0.781244,3.41259,12.1386,3.27736,5.01811,8117.56,8117.56,12.969572000000001,4.147735,7.775595
CD22_l56_s62565_mpnn1,17.4935,3.12498,4.27124,12.9182,1.28753,0.0,7540.82,7540.82,10.30924,0.643765,8.59472
CD22_l56_s869053_mpnn1,24.5728,0.99431,5.37208,23.1636,4.74046,15.6688,17013.0,17013.0,12.783555,10.20463,14.26784
CD22_l56_s934730_mpnn1,51.2518,7.10222,8.45442,22.8666,10.944,12.1868,21406.4,21406.4,29.177010000000003,11.5654,15.660509999999999
CD22_l56_s959129_mpnn1,17.435,0.284089,6.7151,8.90908,1.52163,3.994,5294.76,5294.76,8.8595445,2.757815,7.8120899999999995
CD22_l57_s550386_mpnn1,28.2179,3.43943,3.36285,16.3196,3.98047,8.5465,18749.4,18749.4,15.828665,6.263485,9.841225000000001
CD22_l57_s901676_mpnn1,10.8745,0.132286,1.64802,5.27359,4.48503,1.54513,4204.45,4204.45,5.503393,3.01508,3.460805
CD22_l57_s969626_mpnn1,124.415,136.717,420.578,517.56,5943.29,13356.2,25133.2,25133.2,130.566,9649.745,469.06899999999996
CD22_l58_s309778_mpnn1,11.3468,0.0,2.44633,4.07675,1.18361,0.548166,473.997,473.997,5.6734,0.865888,3.26154
CD22_l58_s371750_mpnn1,7.56457,1.60916,2.04235,9.83215,1.34501,5.71007,2395.86,2395.86,4.5868649999999995,3.52754,5.937250000000001
CD22_l58_s900072_mpnn1,6.5524,4.64181,2.35656,13.121,2.04441,1.6445,3916.74,3916.74,5.597105,1.844455,7.73878
CD22_l58_s941372_mpnn1,23.333,2.78508,2.80542,9.2155,2.47481,7.72001,6993.39,6993.39,13.05904,5.09741,6.01046
CD22_l59_s245749_mpnn1,7.24063,0.116305,0.0,8.08167,5.01182,4.89769,2935.72,2935.72,3.6784675,4.9547550000000005,4.040835
CD22_l59_s498005_mpnn1,21.8749,1.86088,2.94689,16.7901,5.14913,2.2538,7452.42,7452.42,11.867890000000001,3.7014650000000002,9.868495
CD22_l59_s516048_mpnn1,21.5689,2.3261,1.47345,9.40112,1.991,3.38071,5220.43,5220.43,11.9475,2.685855,5.437285
CD22_l59_s516048_mpnn2,10.3,0.0,1.75863,5.14588,5.08047,2.34049,2218.48,2218.48,5.15,3.71048,3.452255
CD22_l59_s541470_mpnn1,2.90645,0.0581524,0.831784,4.15629,1.78503,0.650136,5102.66,5102.66,1.4823012,1.2175829999999999,2.494037
CD22_l59_s935229_mpnn1,14.3793,0.174457,3.25584,18.2085,5.97299,5.07106,4496.15,4496.15,7.2768785000000005,5.522025,10.73217
CD22_l59_s943680_mpnn1,36382.9,31571.8,15696.3,18081.7,34458.6,50521.5,18577.0,18577.0,33977.35,42490.05,16889.0
CD22_l59_s99228_mpnn1,4018.45,4260.48,0.90308,5.47574,0.54924,0.0,3598.48,3598.48,4139.465,0.27462,3.18941
CD22_l60_s354130_mpnn1,1147.7,1064.44,4.7261,12.4996,5.68043,5.97863,9832.77,9832.77,1106.0700000000002,5.82953,8.61285
CD22_l60_s370097_mpnn1,30.707,0.822599,7.21234,32.5688,8.68388,6.30849,16615.3,16615.3,15.7647995,7.4961850000000005,19.89057
CD22_l60_s477171_mpnn1,54.6662,29.5039,3.02381,8.74651,6.7904,8.24639,13547.4,13547.4,42.08505,7.518395,5.885160000000001
CD22_l60_s529867_mpnn1,7.62784,1.48068,8.19788,12.4678,2.35052,3.58718,8194.58,8194.58,4.55426,2.9688499999999998,10.332840000000001
CD22_l60_s669785_mpnn1,15.1579,0.10968,1.85908,12.4996,3.85225,5.23646,4646.43,4646.43,7.633789999999999,4.544355,7.17934
CD22_l61_s127626_mpnn1,6.90425,0.0518845,2.41458,2.29155,5.04174,3.73516,3050.03,3050.03,3.47806725,4.38845,2.353065
CD22_l61_s354365_mpnn2,14.2312,3.83945,4.85034,19.6803,2.73872,2.28041,6305.65,6305.65,9.035325,2.509565,12.26532
CD22_l61_s474761_mpnn1,7.74967,0.155653,3.98194,5.72887,2.30302,1.06157,2473.18,2473.18,3.9526615,1.6822949999999999,4.855404999999999
CD22_l61_s756644_mpnn1,8.21935,0.103769,1.67326,5.52667,3.61013,1.92656,1005.39,1005.39,4.1615595,2.768345,3.599965
CD22_l61_s819258_mpnn1,294903.0,305914.0,269901.0,269512.0,353441.0,334137.0,6076.12,6076.12,300408.5,343789.0,269706.5
CD22_l61_s819258_mpnn2,504317.0,542700.0,527514.0,477546.0,512516.0,439232.0,9783.2,9783.2,523508.5,475874.0,502530.0
CD22_l62_s133846_mpnn2,10.3282,0.171821,3.0293,5.35717,5.51354,4.73418,2298.24,2298.24,5.2500105,5.1238600000000005,4.193235
CD22_l62_s2145_mpnn1,12.4224,0.286369,2.28786,7.11042,1.32325,2.6301,5556.12,5556.12,6.3543845,1.9766750000000002,4.69914
CD22_l62_s22205_mpnn2,10.3758,2.1764,0.0,5.90912,2.86704,0.0751458,2781.58,2781.58,6.2761,1.4710929,2.95456
CD22_l62_s49667_mpnn1,17.4675,0.400916,9.29973,22.63,11.4682,7.70244,10252.0,10252.0,8.934208,9.58532,15.964865
CD22_l62_s617945_mpnn1,11.539,0.0,1.14831,5.99825,2.82457,4.26478,4431.26,4431.26,5.7695,3.544675,3.5732799999999996
CD22_l62_s617945_mpnn2,20.5403,2.06186,4.40187,18.0603,3.8652,4.15155,10062.1,10062.1,11.301079999999999,4.008375,11.231085
CD22_l62_s768397_mpnn2,20.1328,0.400916,2.96574,10.6819,2.05839,5.78623,6024.18,6024.18,10.266858,3.92231,6.82382
CD22_l63_s858722_mpnn1,21.8761,2.4326,2.83285,8.5494,2.22949,2.27494,2373.55,2373.55,12.15435,2.252215,5.691125
CD22_l63_s858722_mpnn2,16.9792,0.540579,1.24565,10.8996,3.48358,6.29399,8559.03,8559.03,8.7598895,4.888785,6.0726249999999995
CD22_l63_s917363_mpnn1,17.8945,2.32449,2.7324,11.3424,2.64752,1.13747,4808.89,4808.89,10.109495,1.892495,7.0374
CD22_l64_s189132_mpnn1,12.9349,0.116402,0.0,5.24859,1.85391,1.27017,3573.12,3573.12,6.525651000000001,1.56204,2.624295
CD22_l64_s247840_mpnn1,8.06691,1.97884,4.58535,4.65813,7.6805,5.66134,3427.72,3427.72,5.022875,6.670920000000001,4.62174
CD22_l64_s247840_mpnn2,86.6961,93.8204,2.13983,10.3004,5.49553,2.46776,4489.31,4489.31,90.25825,3.981645,6.220115
CD22_l64_s274709_mpnn1,15.2246,1.57143,2.56015,16.086,1.12559,2.14115,5740.13,5740.13,8.398015000000001,1.6333700000000002,9.323075
CD22_l64_s274709_mpnn2,17.6457,0.0,1.28008,9.66487,0.0,0.979847,3316.16,3316.16,8.82285,0.4899235,5.472475
CD22_l64_s571098_mpnn1,10.2459,9.95241,2.27357,8.29934,1.85391,0.834685,3160.9,3160.9,10.099155,1.3442975,5.286455
CD22_l64_s571098_mpnn2,3941.75,4537.89,61602.1,84294.5,4.23752,5.73392,5880.45,5880.45,4239.82,4.985720000000001,72948.3
CD22_l64_s867264_mpnn1,1.48357,0.0,0.0191056,1.18093,0.132422,1.48792,441.677,441.677,0.741785,0.810171,0.6000178
CD22_l64_s92066_mpnn1,9.45775,0.174604,1.05081,6.39672,3.64161,0.0725813,3888.87,3888.87,4.816177000000001,1.85709565,3.723765
CD22_l65_s672040_mpnn1,12.0811,2.4333,6.1934,26.5372,5.81009,6.43384,5047.39,5047.39,7.257199999999999,6.121964999999999,16.365299999999998
CD22_l65_s672040_mpnn2,23.132,4.8113,14.7294,37.5674,3.2446,6.69644,21166.5,21166.5,13.97165,4.9705200000000005,26.1484
