"binder_name","binder_evolution_type","binder_target","binder_experiment","staining_0_nM","staining_0.1_nM","staining_1_nM","staining_10_nM","staining_100_nM","coculture CAR Only","coculture K562","coculture K562 BCMA OE","coculture K562 CD19 OE","coculture K562 CD22 OE","coculture Raji","coculture Raji CD19 OE","coculture Raji CD19 KO","coculture RPMI 8226","coculture Nalm6","coculture Nalm6 CD22 OE","coculture DG-75","coculture Ramos","coculture SET-2","coculture U937","coculture A549","coculture Hela","coculture MDA-MB-468","mean_BCMA_positive_activity","max_BCMA_negative_activity","mean_CD19_positive_activity","max_CD19_negative_activity","mean_CD22_positive_activity","max_CD22_negative_activity","BCMA_activity_gain","BCMA_activity_ratio","CD19_activity_gain","CD19_activity_ratio","CD22_activity_gain","CD22_activity_ratio","overall_activity_gain","overall_activity_ratio","overall_mean_positive_activity","overall_max_negative_activity","estimated_Kd","nls_kd","nls_kd_scaled","sp_kd","sp_kd_scaled","kd_fit_quality","kd_R2","Kd_estimate_nM_clipped","Kd_estimate_molar","neg_log10_Kd_M","clipped_neg_log10_Kd_M"
"BCMA_Abecma","pos_control","BCMA","BCMA",0.94,3.24,80.5,98.7,98.8,1.37,1.25,85.8,NA,NA,85.9,NA,NA,89.7,NA,NA,85,80.1,1.69,1.45,1.33,1.22,0.97,85.3,1.69,NA,NA,NA,89.7,83.93,62.2627737226277,NA,NA,NA,NA,83.93,62.2627737226277,85.3,1.69,10,0.468761581407758,10,10,213.328062636203,"Known",0.965931277787221,1000,1e-08,8,8
"BCMA_l59_int_0480","interface","BCMA","BCMA",0.57,0.88,2.1,74.6,98.9,46,52,86.5,NA,NA,55.8,NA,NA,88.5,NA,NA,62.3,68.7,43,45.4,44.6,47.7,48.7,72.36,52,NA,NA,NA,88.5,26.36,1.57304347826087,NA,NA,NA,NA,26.36,1.57304347826087,72.36,52,130.166122432841,6.10168773973343,130.166122432841,16.4611260053619,351.162011953429,"Good (Curve Fit)",0.973810932800484,1000,1.30166122432841e-07,6.8855020323187,6.8855020323187
"BCMA_l59_int_0544","interface","BCMA","BCMA",2.9,3.69,68.5,99.1,99.4,30.4,26.6,87.6,NA,NA,87.9,NA,NA,90.6,NA,NA,87.9,85.8,28.5,26.8,20.9,22.7,23.2,87.96,30.4,NA,NA,NA,90.6,57.56,2.89342105263158,NA,NA,NA,NA,57.56,2.89342105263158,87.96,30.4,13.3631069868505,0.626411116367709,13.3631069868505,9.91927346115036,211.605939022591,"Good (Curve Fit)",0.983236952153787,1000,1.33631069868505e-08,7.87409255455752,7.87409255455752
"BCMA_l59_int_0656","interface","BCMA","BCMA",1.42,2.22,21.1,99.8,99.6,50.1,43.6,91.7,NA,NA,92.3,NA,NA,92.6,NA,NA,90.8,88.6,46.7,47.9,41.9,43.3,41.6,91.2,50.1,NA,NA,NA,92.6,41.1,1.82035928143713,NA,NA,NA,NA,41.1,1.82035928143713,91.2,50.1,56.1420141780113,2.63172193495014,56.1420141780113,9.77955911823647,208.62544001296,"Good (Curve Fit)",0.969965521446713,1000,5.61420141780113e-08,7.25071201046353,7.25071201046353
"BCMA_l59_int_0893","interface","BCMA","BCMA",0.73,1.71,18.6,99.4,99.6,25.8,26.1,91.1,NA,NA,92.6,NA,NA,93.6,NA,NA,90.7,90.4,25.5,25.6,25.5,26.6,25.6,91.68,26.6,NA,NA,NA,93.6,65.88,3.55348837209302,NA,NA,NA,NA,65.88,3.55348837209302,91.68,26.6,60.0833931991437,2.81647864123748,60.0833931991437,9.85915492957746,210.323442035693,"Good (Curve Fit)",0.966769420517911,1000,6.00833931991437e-08,7.22124554860623,7.22124554860623
"BCMA_l59_int_1038","interface","BCMA","BCMA",1.08,2.83,77.3,99,98.7,5.85,6.23,87.4,NA,NA,88.6,NA,NA,91.4,NA,NA,90.1,87.7,5.7,6.04,5.07,5.04,5.56,89.04,6.23,NA,NA,NA,91.4,83.19,15.2205128205128,NA,NA,NA,NA,83.19,15.2205128205128,89.04,6.23,10.8055682987686,0.506523528374031,10.8055682987686,9.93939393939394,212.035165286893,"Good (Curve Fit)",0.970288707170053,1000,1.08055682987686e-08,7.9663523872695,7.9663523872695
"BCMA_l59_int_1280","interface","BCMA","BCMA",0.74,1.79,5.68,95.4,99.8,26.4,31.5,75.8,NA,NA,83,NA,NA,89.2,NA,NA,54.5,52.4,29.4,33.1,28.3,36.3,24.5,70.98,36.3,NA,NA,NA,89.2,44.58,2.68863636363636,NA,NA,NA,NA,44.58,2.68863636363636,70.98,36.3,228.086607850029,3.91700515094666,83.560712018748,10.6918238993711,228.086607850029,"Compromise (Single Point Estimate)",0.94639713521378,1000,2.28086607850029e-07,6.64190021366056,6.64190021366056
"BCMA_l59_int_1500","interface","BCMA","BCMA",1.42,3.38,59.1,99.5,100,46.3,39.6,85.9,NA,NA,85.4,NA,NA,89.7,NA,NA,84.8,76.9,43.8,42.8,35.1,45.8,49,84.54,49,NA,NA,NA,89.7,38.24,1.82591792656587,NA,NA,NA,NA,38.24,1.82591792656587,84.54,49,17.751436537709,0.832119146367592,17.751436537709,9.8391959798995,209.897661628988,"Good (Curve Fit)",0.990571062866049,1000,1.7751436537709e-08,7.75076649583956,7.75076649583956
"BCMA_l59_int_1525","interface","BCMA","BCMA",0.6,13.3,97.5,100,100,7.25,6.69,91.5,NA,NA,91.5,NA,NA,93.2,NA,NA,92,89.1,8.05,6.95,7.82,7.57,7.58,91.46,8.05,NA,NA,NA,93.2,84.21,12.6151724137931,NA,NA,NA,NA,84.21,12.6151724137931,91.46,8.05,6.22615659493457,0.291858301153387,6.22615659493457,9.74,207.781533007662,"Good (Curve Fit)",0.954378802999758,1000,6.22615659493457e-09,8.20577996051493,8.20577996051493
"BCMA_l59_int_1568","interface","BCMA","BCMA",1.77,0,1.75,58.6,97.6,81.6,86.7,88.5,NA,NA,92.3,NA,NA,91.1,NA,NA,92.1,89,92.1,90.2,85.5,84,87,90.6,92.1,NA,NA,NA,91.1,9,1.11029411764706,NA,NA,NA,NA,9,1.11029411764706,90.6,92.1,202.814033447183,9.50714270503877,202.814033447183,23.6860068259386,505.288994776536,"Good (Curve Fit)",0.988727580004826,1000,2.02814033447183e-07,6.69290199787019,6.69290199787019
"BCMA_l59_int_1575","interface","BCMA","BCMA",1.71,1.36,36.2,97.9,100,42,38.8,88.5,NA,NA,89.6,NA,NA,93,NA,NA,89.7,84.2,40.6,42,31,37.2,38.9,89,42,NA,NA,NA,93,47,2.11904761904762,NA,NA,NA,NA,47,2.11904761904762,89,42,37.4471427864202,1.75537818717644,37.4471427864202,10.1634320735444,216.814527398388,"Good (Curve Fit)",0.989320074826357,1000,3.74471427864202e-08,7.42658131332978,7.42658131332978
"BCMA_l59_int_1793","interface","BCMA","BCMA",0.96,2.1,13.5,94.6,99.7,64.7,62.9,87.5,NA,NA,87.3,NA,NA,90.9,NA,NA,86.4,85.2,67.4,67.3,56.7,60.6,52,87.46,67.4,NA,NA,NA,90.9,22.76,1.35177743431221,NA,NA,NA,NA,22.76,1.35177743431221,87.46,67.4,71.6752172879275,3.35985882036336,71.6752172879275,10.8668076109937,231.819501469363,"Good (Curve Fit)",0.967077338496965,1000,7.16752172879275e-08,7.14463098178846,7.14463098178846
"BCMA_l59_int_wildtype","parental","BCMA","BCMA",1.53,2.08,53.6,99.6,100,19.2,20.4,88.9,NA,NA,88.5,NA,NA,91.7,NA,NA,85.9,79.5,20.6,19.4,16.1,19.4,20,86.9,20.6,NA,NA,NA,91.7,67.7,4.52604166666667,NA,NA,NA,NA,67.7,4.52604166666667,86.9,20.6,21.36169000994,1.00135395906018,21.36169000994,9.81927710843374,209.472736203019,"Good (Curve Fit)",0.990414298879791,1000,2.136169000994e-08,7.67036439148631,7.67036439148631
"BCMA_l59_nonint_0366","non-interface","BCMA","BCMA",0.87,1.88,70.2,99.7,99.7,19.2,16.5,54.1,NA,NA,23.9,NA,NA,56.3,NA,NA,20.3,24.9,17.7,19.2,18.6,20.6,18.6,35.9,20.6,NA,NA,NA,56.3,16.7,1.86979166666667,NA,NA,NA,NA,16.7,1.86979166666667,35.9,20.6,13.2434464982946,0.620801892382963,13.2434464982946,9.79939819458375,209.048663185126,"Good (Curve Fit)",0.978834747624275,1000,1.32434464982946e-08,7.87799897861157,7.87799897861157
"BCMA_l59_nonint_0465","non-interface","BCMA","BCMA",1.27,1.36,31.5,99.1,99.8,13.6,14.3,64.6,NA,NA,27.6,NA,NA,69.8,NA,NA,18.1,27.5,15.9,14.4,13.1,14.1,13.7,41.52,15.9,NA,NA,NA,69.8,27.92,3.05294117647059,NA,NA,NA,NA,27.92,3.05294117647059,41.52,15.9,42.7864186750249,2.00566292808791,42.7864186750249,9.91927346115036,211.605939022591,"Good (Curve Fit)",0.984270763885544,1000,4.27864186750249e-08,7.36869406347554,7.36869406347554
"BCMA_l59_nonint_0815","non-interface","BCMA","BCMA",1.25,2.17,53.3,99.4,100,11.2,9.37,82.9,NA,NA,67.6,NA,NA,86.2,NA,NA,65.3,61.2,11.3,10.3,9.32,9.72,10.4,72.64,11.3,NA,NA,NA,86.2,61.44,6.48571428571429,NA,NA,NA,NA,61.44,6.48571428571429,72.64,11.3,21.5313266393439,1.00930587252659,21.5313266393439,9.85915492957746,210.323442035693,"Good (Curve Fit)",0.990880846247824,1000,2.15313266393439e-08,7.66692921056683,7.66692921056683
"BCMA_l59_nonint_0840","non-interface","BCMA","BCMA",1.4,0.98,0.84,1.48,56.8,5.38,4.31,32.9,NA,NA,11.6,NA,NA,18.3,NA,NA,7.52,6.22,5.89,5.28,5.3,5.76,5.75,15.308,5.89,NA,NA,NA,18.3,9.928,2.8453531598513,NA,NA,NA,NA,9.928,2.8453531598513,15.308,5.89,28240.0229943817,NA,NA,1323.78378378378,28240.0229943817,"Compromise (Single Point Estimate)",NA,28240.0229943817,2.82400229943817e-05,4.54913495399668,6
"BCMA_l59_nonint_1083","non-interface","BCMA","BCMA",1.27,1.98,51.1,99.8,100,31.3,29.2,84.6,NA,NA,52.7,NA,NA,90.3,NA,NA,58.2,71.1,31.8,32.6,30,31.3,42.8,71.38,42.8,NA,NA,NA,90.3,40.08,2.28051118210863,NA,NA,NA,NA,40.08,2.28051118210863,71.38,42.8,23.1296699459961,1.08423006613246,23.1296699459961,9.77955911823647,208.62544001296,"Good (Curve Fit)",0.990666052779435,1000,2.31296699459961e-08,7.63583056444751,7.63583056444751
"BCMA_l59_nonint_1192","non-interface","BCMA","BCMA",1.28,2.54,73.4,99.9,99.9,23.7,22.2,90.1,NA,NA,82.8,NA,NA,94.2,NA,NA,85.9,84.4,23.6,23.2,23.1,24.3,22.9,87.48,24.3,NA,NA,NA,94.2,63.78,3.69113924050633,NA,NA,NA,NA,63.78,3.69113924050633,87.48,24.3,12.1408061059222,0.569114346977706,12.1408061059222,9.75975975975976,208.203064134433,"Good (Curve Fit)",0.976430048741836,1000,1.21408061059222e-08,7.91575247670958,7.91575247670958
"BCMA_l59_nonint_1399","non-interface","BCMA","BCMA",0.5,1.27,0.23,32,98.7,74.7,72.3,74.6,NA,NA,76.7,NA,NA,77.5,NA,NA,75.3,72.6,72.1,72.4,63.8,64.9,65.2,75.34,74.7,NA,NA,NA,77.5,0.639999999999986,1.00856760374833,NA,NA,NA,NA,0.639999999999986,1.00856760374833,75.34,74.7,670.134530842074,31.4133322433477,670.134530842074,51.6875,1102.63942375088,"Good (Curve Fit)",0.997837257120212,1000,6.70134530842074e-07,6.17383800306425,6.17383800306425
"BCMA_l59_nonint_1481","non-interface","BCMA","BCMA",0.95,1.18,3.39,85.1,99.7,72.8,64.7,81.4,NA,NA,80.7,NA,NA,88.6,NA,NA,79.5,75.5,69.1,73.5,48.1,54.6,55.7,81.14,73.5,NA,NA,NA,88.6,8.34000000000002,1.11456043956044,NA,NA,NA,NA,8.34000000000002,1.11456043956044,81.14,73.5,103.115043341133,4.8336370783519,103.115043341133,13.1962397179788,281.512825311935,"Good (Curve Fit)",0.96098507524144,1000,1.03115043341133e-07,6.98667797134639,6.98667797134639
"BCMA_l59_nonint_1890","non-interface","BCMA","BCMA",1.04,1.6,32.9,99.1,99.6,13.7,12.1,56.7,NA,NA,21.4,NA,NA,58.1,NA,NA,16.1,25.8,13.2,14.5,11.1,13.4,19.6,35.62,19.6,NA,NA,NA,58.1,21.92,2.6,NA,NA,NA,NA,21.92,2.6,35.62,19.6,40.8464676548821,1.91472547728234,40.8464676548821,9.91927346115036,211.605939022591,"Good (Curve Fit)",0.985361825268264,1000,4.08464676548821e-08,7.38884549468416,7.38884549468416
"BCMA_l59_nonint_1951","non-interface","BCMA","BCMA",1.82,1.45,9.9,97.4,99.7,19.2,21,60.2,NA,NA,26.9,NA,NA,62.8,NA,NA,32.5,23.5,19.1,20,19.5,21.6,22,41.18,22,NA,NA,NA,62.8,21.98,2.14479166666667,NA,NA,NA,NA,21.98,2.14479166666667,41.18,22,74.8257378871251,3.50754312219712,74.8257378871251,10.2669404517454,219.022651577211,"Good (Curve Fit)",0.95217916243312,1000,7.48257378871251e-08,7.12594899171161,7.12594899171161
"BCMA_NB","neg_control","BCMA","BCMA",0.91,1.24,0.93,0.95,1.07,2.97,3.56,5.13,NA,NA,9.26,NA,NA,5.39,NA,NA,3.95,3.56,3.73,3.23,3.19,3.83,4.06,5.458,4.06,NA,NA,NA,5.39,2.488,1.83771043771044,NA,NA,NA,NA,2.488,1.83771043771044,5.458,4.06,44113.9977946128,-0.0209155583097616,-0.446187553317598,2067.89473684211,44113.9977946128,"Compromise (Single Point Estimate)",-10.0813490800099,44113.9977946128,4.41139977946128e-05,4.35542358285941,6
"BCMA_UTD","neg_control","BCMA","BCMA",1.09,1.15,1.09,1.41,1.97,0.22,0.31,1.02,NA,NA,3.92,NA,NA,0.43,NA,NA,0.51,0.33,0.24,0.2,0.12,0.22,0.25,1.242,0.31,NA,NA,NA,0.43,1.022,5.64545454545455,NA,NA,NA,NA,1.022,5.64545454545455,1.242,0.31,29652.6007064323,0.0426198434262008,0.909200862796975,1390,29652.6007064323,"Compromise (Single Point Estimate)",-1.74211553806009,29652.6007064323,2.96526007064323e-05,4.52793721046429,6
"CD19_l112_FMC63","pos_control","CD19","CD19_l112",0.22,0.48,56.6,95.8,94.4,3.24,4.52,NA,96.5,NA,97.2,NA,14.6,NA,NA,NA,93,93.4,NA,NA,NA,NA,NA,NA,NA,96.85,14.6,NA,NA,NA,NA,93.61,29.891975308642,NA,NA,93.61,29.891975308642,96.85,14.6,5,0.847810496818346,5,5,29.487721718261,"Known",0.984208897692422,1000,5e-09,8.30102999566398,8.30102999566398
"CD19_l112_int_0963","interface","CD19","CD19_l112",0.61,1.73,52.9,97.1,99,4.79,6.19,NA,12.6,NA,18.8,NA,17,NA,NA,NA,7.42,4.4,NA,NA,NA,NA,NA,NA,NA,15.7,17,NA,NA,NA,NA,10.91,3.2776617954071,NA,NA,10.91,3.2776617954071,15.7,17,5.94070576719216,1.00731854158696,5.94070576719216,0.121212121212126,0.714853859836658,"Good (Curve Fit)",0.991334457665292,1000,5.94070576719216e-09,8.2261619569398,8.2261619569398
"CD19_l112_int_1670","interface","CD19","CD19_l112",0.14,0.18,0.15,0.17,0.14,4.45,5.44,NA,10.5,NA,16.4,NA,16.5,NA,NA,NA,6.09,4.7,NA,NA,NA,NA,NA,NA,NA,13.45,16.5,NA,NA,NA,NA,9,3.02247191011236,NA,NA,9,3.02247191011236,13.45,16.5,416956.385096211,-0.0151345479912602,-0.0892566678995892,70700,416956.385096211,"Compromise (Single Point Estimate)",-14.2110472831461,416956.385096211,0.000416956385096211,3.37990937117178,6
"CD19_l112_int_2114","interface","CD19","CD19_l112",0.095,0.1,0.15,0.14,0.23,6.67,8.47,NA,16.5,NA,26.6,NA,25.9,NA,NA,NA,14.5,8,NA,NA,NA,NA,NA,NA,NA,21.55,25.9,NA,NA,NA,NA,14.88,3.23088455772114,NA,NA,14.88,3.23088455772114,21.55,25.9,253568.765279898,0.0920669943062187,0.5429691815077,42995.652173913,253568.765279898,"Compromise (Single Point Estimate)",-0.126579877151,253568.765279898,0.000253568765279898,3.59590424409482,6
"CD19_l112_int_2534","interface","CD19","CD19_l112",0.081,0.13,0.1,0.18,0.18,5.36,6.5,NA,12.8,NA,17,NA,17.1,NA,NA,NA,6.36,4.74,NA,NA,NA,NA,NA,NA,NA,14.9,17.1,NA,NA,NA,NA,9.54,2.77985074626866,NA,NA,9.54,2.77985074626866,14.9,17.1,324168.354089416,0.0290200847955543,0.171147236938329,54966.6666666667,324168.354089416,"Compromise (Single Point Estimate)",-0.275359457891859,324168.354089416,0.000324168354089416,3.48922938404383,6
"CD19_l112_int_2630","interface","CD19","CD19_l112",0.13,0.16,0.13,0.14,0.22,11.9,12.5,NA,18.4,NA,22.1,NA,22.8,NA,NA,NA,13.3,11.4,NA,NA,NA,NA,NA,NA,NA,20.25,22.8,NA,NA,NA,NA,8.35,1.70168067226891,NA,NA,8.35,1.70168067226891,20.25,22.8,265121.42526691,0.00576172011982434,0.0339799999023771,44954.5454545455,265121.42526691,"Compromise (Single Point Estimate)",-2.79754235453796,265121.42526691,0.00026512142526691,3.57655517419371,6
"CD19_l112_int_3043","interface","CD19","CD19_l112",0.12,0.16,0.092,0.18,0.16,4.1,5.17,NA,10.7,NA,13.4,NA,13.7,NA,NA,NA,6.06,4.29,NA,NA,NA,NA,NA,NA,NA,12.05,13.7,NA,NA,NA,NA,7.95,2.9390243902439,NA,NA,7.95,2.9390243902439,12.05,13.7,364763.117654889,-0.00670405650569673,-0.0395374705246965,61850,364763.117654889,"Compromise (Single Point Estimate)",-2.69985987455703,364763.117654889,0.000364763117654889,3.43798908100354,6
"CD19_l112_int_3137","interface","CD19","CD19_l112",0.13,0.13,0.12,0.19,0.26,8.93,9.88,NA,27.5,NA,37.9,NA,38,NA,NA,NA,66,8.65,NA,NA,NA,NA,NA,NA,NA,32.7,38,NA,NA,NA,NA,23.77,3.66181410974244,NA,NA,23.77,3.66181410974244,32.7,38,224242.782235945,0.0794554024775866,0.4685917594543,38023.0769230769,224242.782235945,"Compromise (Single Point Estimate)",-0.784324740281825,224242.782235945,0.000224242782235945,3.64928152681474,6
"CD19_l112_int_3265","interface","CD19","CD19_l112",0.17,0.16,0.12,0.13,0.17,2.87,3.78,NA,7.77,NA,10.6,NA,10.7,NA,NA,NA,4.11,3.05,NA,NA,NA,NA,NA,NA,NA,9.185,10.7,NA,NA,NA,NA,6.315,3.20034843205575,NA,NA,6.315,3.20034843205575,9.185,10.7,343271.772237874,-0.0115214823890555,-0.0679484532940626,58205.8823529412,343271.772237874,"Compromise (Single Point Estimate)",-12.8060696774122,343271.772237874,0.000343271772237874,3.46436190780454,6
"CD19_l112_int_4066","interface","CD19","CD19_l112",0.17,0.29,0.22,0.23,0.31,88.5,90.6,NA,90,NA,94.6,NA,94.9,NA,NA,NA,92.3,91.8,NA,NA,NA,NA,NA,NA,NA,92.3,94.9,NA,NA,NA,NA,3.8,1.04293785310734,NA,NA,3.8,1.04293785310734,92.3,94.9,187979.469869766,-0.0117644509032656,-0.0693813708807282,31874.1935483871,187979.469869766,"Compromise (Single Point Estimate)",-1.67262099043617,187979.469869766,0.000187979469869766,3.72588957950835,6
"CD19_l112_int_4372","interface","CD19","CD19_l112",0.19,0.18,0.2,0.18,0.26,84.6,86.5,NA,87,NA,91.4,NA,91.7,NA,NA,NA,88.1,86.9,NA,NA,NA,NA,NA,NA,NA,89.2,91.7,NA,NA,NA,NA,4.60000000000001,1.05437352245863,NA,NA,4.60000000000001,1.05437352245863,89.2,91.7,224242.782235945,0.0211645649439005,0.12481896027076,38023.0769230769,224242.782235945,"Compromise (Single Point Estimate)",-7.80328282821487,224242.782235945,0.000224242782235945,3.64928152681474,6
"CD19_l112_int_4756","interface","CD19","CD19_l112",0.2,0.094,0.14,0.11,0.15,24.2,25,NA,38.9,NA,57.9,NA,57.7,NA,NA,NA,35.5,28.2,NA,NA,NA,NA,NA,NA,NA,48.4,57.7,NA,NA,NA,NA,24.2,2,NA,NA,24.2,2,48.4,57.7,389119.975794172,0.0412478621735317,0.243261096249257,65980,389119.975794172,"Compromise (Single Point Estimate)",-5.10150118445328,389119.975794172,0.000389119975794172,3.40991647375936,6
"CD19_l112_int_wildtype","parental","CD19","CD19_l112",0.85,3.79,60.5,98.3,99.4,17.4,19.6,NA,35.4,NA,47,NA,46,NA,NA,NA,26.2,21.1,NA,NA,NA,NA,NA,NA,NA,41.2,46,NA,NA,NA,NA,23.8,2.36781609195402,NA,NA,23.8,2.36781609195402,41.2,46,4.6154298015437,0.782601966615393,4.6154298015437,NA,NA,"Good (Curve Fit)",0.990887379567541,1000,4.6154298015437e-09,8.33578785005577,8.33578785005577
"CD19_l112_NB","neg_control","CD19","CD19_l112",0.1,0.16,0.18,0.25,0.22,5.44,8.66,NA,15.5,NA,24.2,NA,25.5,NA,NA,NA,9.53,6.22,NA,NA,NA,NA,NA,NA,NA,19.85,25.5,NA,NA,NA,NA,14.41,3.64889705882353,NA,NA,14.41,3.64889705882353,19.85,25.5,265121.42526691,0.0436365693739797,0.257348602887901,44954.5454545455,265121.42526691,"Compromise (Single Point Estimate)",0.100713119073986,265121.42526691,0.00026512142526691,3.57655517419371,6
"CD19_l112_nonint_0508","non-interface","CD19","CD19_l112",0.95,0.73,0.93,1.17,25.2,21.6,22.8,NA,26,NA,37,NA,38.4,NA,NA,NA,22.1,20.2,NA,NA,NA,NA,NA,NA,NA,31.5,38.4,NA,NA,NA,NA,9.9,1.45833333333333,NA,NA,9.9,1.45833333333333,31.5,38.4,1729.94634080465,NA,NA,293.333333333333,1729.94634080465,"Compromise (Single Point Estimate)",NA,1729.94634080465,1.72994634080465e-06,5.76196736753818,6
"CD19_l112_nonint_0615","non-interface","CD19","CD19_l112",0.94,1.25,27,96.4,99.3,9.94,12.5,NA,21.4,NA,35.7,NA,33.9,NA,NA,NA,14.5,11,NA,NA,NA,NA,NA,NA,NA,28.55,33.9,NA,NA,NA,NA,18.61,2.87223340040241,NA,NA,18.61,2.87223340040241,28.55,33.9,13.6674485325267,2.31748126612012,13.6674485325267,NA,NA,"Good (Curve Fit)",0.983948307492166,1000,1.36674485325267e-08,7.86431255285486,7.86431255285486
"CD19_l112_nonint_0872","non-interface","CD19","CD19_l112",1.79,0.8,0.96,2.34,65.4,23,24.9,NA,38.9,NA,53,NA,49.8,NA,NA,NA,30.9,25,NA,NA,NA,NA,NA,NA,NA,45.95,49.8,NA,NA,NA,NA,22.95,1.99782608695652,NA,NA,22.95,1.99782608695652,45.95,49.8,304.075222122251,NA,NA,51.5596330275229,304.075222122251,"Compromise (Single Point Estimate)",NA,1000,3.04075222122251e-07,6.51701896734024,6.51701896734024
"CD19_l112_nonint_0999","non-interface","CD19","CD19_l112",1.77,1.17,1.33,1.16,5.81,38.8,37.2,NA,52.1,NA,68.9,NA,67.9,NA,NA,NA,55.3,43.1,NA,NA,NA,NA,NA,NA,NA,60.5,67.9,NA,NA,NA,NA,21.7,1.55927835051546,NA,NA,21.7,1.55927835051546,60.5,67.9,9471.5983254077,57.8681652946357,341.28007091091,1606.02409638554,9471.5983254077,"Compromise (Single Point Estimate)",0.634873575020457,9471.5983254077,9.4715983254077e-06,5.0235767279309,6
"CD19_l112_nonint_1470","non-interface","CD19","CD19_l112",0.87,0.93,10.7,91.4,98.3,17.8,18.8,NA,25.6,NA,32.8,NA,32.3,NA,NA,NA,18.3,17.7,NA,NA,NA,NA,NA,NA,NA,29.2,32.3,NA,NA,NA,NA,11.4,1.64044943820225,NA,NA,11.4,1.64044943820225,29.2,32.3,21.6587150331578,3.6724971905417,21.6587150331578,0.834181078331645,4.91961990009649,"Good (Curve Fit)",0.965169633608661,1000,2.16587150331578e-08,7.6643673127413,7.6643673127413
"CD19_l112_nonint_2659","non-interface","CD19","CD19_l112",1.31,2.65,1.56,19.6,84.8,61,52.9,NA,54.7,NA,61.6,NA,59.9,NA,NA,NA,67.3,54.5,NA,NA,NA,NA,NA,NA,NA,58.15,61,NA,NA,NA,NA,-2.84999999999999,0.95327868852459,NA,NA,-2.84999999999999,0.95327868852459,58.15,61,348.130482881523,59.0297355298789,348.130482881523,16.8867924528302,99.5906073126175,"Good (Curve Fit)",0.998441512533259,1000,3.48130482881523e-07,6.45825794750679,6.45825794750679
"CD19_l112_nonint_3099","non-interface","CD19","CD19_l112",1.26,1.31,0.85,0.74,3.36,75.1,73.6,NA,71.1,NA,75.5,NA,75,NA,NA,NA,76.8,71.4,NA,NA,NA,NA,NA,NA,NA,73.3,75.1,NA,NA,NA,NA,-1.8,0.976031957390146,NA,NA,-1.8,0.976031957390146,73.3,75.1,16808.0013794088,45.5482474584345,268.622809161761,2850,16808.0013794088,"Compromise (Single Point Estimate)",0.154395542664363,16808.0013794088,1.68080013794088e-05,4.77448392496017,6
"CD19_l112_nonint_3354","non-interface","CD19","CD19_l112",1.4,1.53,1.08,2.08,22,16.2,18.7,NA,25.3,NA,33.1,NA,33.1,NA,NA,NA,19.1,16.2,NA,NA,NA,NA,NA,NA,NA,29.2,33.1,NA,NA,NA,NA,13,1.80246913580247,NA,NA,13,1.80246913580247,29.2,33.1,2067.35736264754,NA,NA,350.545454545455,2067.35736264754,"Compromise (Single Point Estimate)",NA,2067.35736264754,2.06735736264754e-06,5.68458444489611,6
"CD19_l112_nonint_3732","non-interface","CD19","CD19_l112",0.12,0.18,0.18,0.18,0.96,11.2,14.1,NA,28.4,NA,49.4,NA,47.7,NA,NA,NA,19.5,13,NA,NA,NA,NA,NA,NA,NA,38.9,47.7,NA,NA,NA,NA,27.7,3.47321428571429,NA,NA,27.7,3.47321428571429,38.9,47.7,60302.3909138438,69.4502485117998,409.585920276005,10225,60302.3909138438,"Compromise (Single Point Estimate)",0.859939754176264,60302.3909138438,6.03023909138438e-05,4.2196654682893,6
"CD19_l112_nonint_4030","non-interface","CD19","CD19_l112",2.4,1.48,0.95,1.83,29.9,57.6,55.1,NA,60.3,NA,68.5,NA,67.5,NA,NA,NA,61.2,52.5,NA,NA,NA,NA,NA,NA,NA,64.4,67.5,NA,NA,NA,NA,6.8,1.11805555555556,NA,NA,6.8,1.11805555555556,64.4,67.5,1365.31110189835,NA,NA,231.505016722408,1365.31110189835,"Compromise (Single Point Estimate)",NA,1365.31110189835,1.36531110189835e-06,5.864768378335,6
"CD19_l112_nonint_4609","non-interface","CD19","CD19_l112",0.81,3.14,56.1,97.1,98.8,12.7,14.9,NA,22.6,NA,34,NA,31.8,NA,NA,NA,16,12.8,NA,NA,NA,NA,NA,NA,NA,28.3,31.8,NA,NA,NA,NA,15.6,2.22834645669291,NA,NA,15.6,2.22834645669291,28.3,31.8,5.26051162126394,0.891983394228493,5.26051162126394,0.323886639676121,1.91013581980643,"Good (Curve Fit)",0.992122657135072,1000,5.26051162126394e-09,8.27897201563971,8.27897201563971
"CD19_l112_nonint_4914","non-interface","CD19","CD19_l112",0.95,1.21,0.72,1.47,46.3,16.1,17.5,NA,25.4,NA,33.3,NA,31.8,NA,NA,NA,18.5,16.4,NA,NA,NA,NA,NA,NA,NA,29.35,31.8,NA,NA,NA,NA,13.25,1.82298136645963,NA,NA,13.25,1.82298136645963,29.35,31.8,672.804086893541,NA,NA,114.082073434125,672.804086893541,"Compromise (Single Point Estimate)",NA,1000,6.72804086893541e-07,6.17211137911573,6.17211137911573
"CD19_l112_UTD","neg_control","CD19","CD19_l112",0.21,0.18,0.17,0.16,0.26,0.65,0.87,NA,2.81,NA,4.52,NA,4.31,NA,NA,NA,1.07,0.71,NA,NA,NA,NA,NA,NA,NA,3.665,4.31,NA,NA,NA,NA,3.015,5.63846153846154,NA,NA,3.015,5.63846153846154,3.665,4.31,224242.782235945,0.0127449210345871,0.075163736957823,38023.0769230769,224242.782235945,"Compromise (Single Point Estimate)",-6.6747689194269,224242.782235945,0.000224242782235945,3.64928152681474,6
"CD19_l115_FMC63","pos_control","CD19","CD19_l115",1.77,35.4,98,99.4,99.6,1.11,1.45,NA,92.1,NA,94.8,NA,5.87,NA,NA,NA,82.3,83.5,NA,NA,NA,NA,NA,NA,NA,93.45,5.87,NA,NA,NA,NA,92.34,84.1891891891892,NA,NA,92.34,84.1891891891892,93.45,5.87,5,0.160546489288785,5,5,155.718135667426,"Known",0.985638339780215,1000,5e-09,8.30102999566398,8.30102999566398
"CD19_l115_int_0203","interface","CD19","CD19_l115",1.84,2.03,2.06,2.27,5.2,0.68,1.02,NA,5.74,NA,13.4,NA,10.6,NA,NA,NA,1.84,1.16,NA,NA,NA,NA,NA,NA,NA,9.57,10.6,NA,NA,NA,NA,8.89,14.0735294117647,NA,NA,8.89,14.0735294117647,9.57,10.6,59520.2627793415,0.107604179325567,3.35118443892014,1911.15384615385,59520.2627793415,"Compromise (Single Point Estimate)",-0.121718284403378,59520.2627793415,5.95202627793415e-05,4.22533516006691,6
"CD19_l115_int_0362","interface","CD19","CD19_l115",1.9,3.36,1.5,2.85,4.06,1.1,12.4,NA,58,NA,78.4,NA,77.3,NA,NA,NA,14.5,10.9,NA,NA,NA,NA,NA,NA,NA,68.2,77.3,NA,NA,NA,NA,67.1,62,NA,NA,67.1,62,68.2,77.3,77107.3251098013,-0.0132916401000537,-0.413949883268552,2475.86206896552,77107.3251098013,"Compromise (Single Point Estimate)",-0.598168640025401,77107.3251098013,7.71073251098013e-05,4.11290436249829,6
"CD19_l115_int_1249","interface","CD19","CD19_l115",1.71,2,1.8,2.5,10.1,1.63,2.1,NA,19.5,NA,26.1,NA,23.7,NA,NA,NA,3.68,1.79,NA,NA,NA,NA,NA,NA,NA,22.8,23.7,NA,NA,NA,NA,21.17,13.9877300613497,NA,NA,21.17,13.9877300613497,22.8,23.7,29133.167243284,41.4974005742913,1292.3795704946,935.445544554456,29133.167243284,"Compromise (Single Point Estimate)",0.829534453894103,29133.167243284,2.9133167243284e-05,4.53561229801881,6
"CD19_l115_int_1328","interface","CD19","CD19_l115",3.67,1.62,1.92,1.58,4.03,0.76,1.15,NA,9.44,NA,13.5,NA,12.1,NA,NA,NA,2.44,0.76,NA,NA,NA,NA,NA,NA,NA,11.47,12.1,NA,NA,NA,NA,10.71,15.0921052631579,NA,NA,10.71,15.0921052631579,11.47,12.1,77704.5088901225,0.081954777789,2.55236904126825,2495.03722084367,77704.5088901225,"Compromise (Single Point Estimate)",-1.97251609058715,77704.5088901225,7.77045088901225e-05,4.10955378004998,6
"CD19_l115_int_1633","interface","CD19","CD19_l115",4.03,2.18,1.99,2.42,6.05,5.84,7.23,NA,21.8,NA,36,NA,32.8,NA,NA,NA,15,12.2,NA,NA,NA,NA,NA,NA,NA,28.9,32.8,NA,NA,NA,NA,23.06,4.9486301369863,NA,NA,23.06,4.9486301369863,28.9,32.8,50720.3567183851,12.6494992057868,393.951286690342,1628.59504132231,50720.3567183851,"Compromise (Single Point Estimate)",-0.969999292041367,50720.3567183851,5.07203567183851e-05,4.29481770070437,6
"CD19_l115_int_2621","interface","CD19","CD19_l115",2.2,1.98,2.3,2.17,4.79,0.59,1.09,NA,3.65,NA,4.52,NA,3.7,NA,NA,NA,1.59,0.65,NA,NA,NA,NA,NA,NA,NA,4.085,3.7,NA,NA,NA,NA,3.495,6.92372881355932,NA,NA,3.495,6.92372881355932,4.085,3.7,64881.4728945822,0.0854991156319396,2.66275257748386,2083.29853862213,64881.4728945822,"Compromise (Single Point Estimate)",-0.588996108166542,64881.4728945822,6.48814728945822e-05,4.1878792996303,6
"CD19_l115_int_3208","interface","CD19","CD19_l115",2.07,2.3,2.27,2.7,4.66,1.21,2.26,NA,20.5,NA,30.4,NA,25.8,NA,NA,NA,25.2,2.4,NA,NA,NA,NA,NA,NA,NA,25.45,25.8,NA,NA,NA,NA,24.24,21.0330578512397,NA,NA,24.24,21.0330578512397,25.45,25.8,66778.352428709,0.0602706867719219,1.87704779590381,2144.20600858369,66778.352428709,"Compromise (Single Point Estimate)",-0.596657353748148,66778.352428709,6.6778352428709e-05,4.17536430016555,6
"CD19_l115_int_3770","interface","CD19","CD19_l115",2.11,1.64,1.87,2.46,6.37,57.3,78.7,NA,92.1,NA,95.3,NA,95.1,NA,NA,NA,86.7,88,NA,NA,NA,NA,NA,NA,NA,93.7,95.1,NA,NA,NA,NA,36.4,1.63525305410122,NA,NA,36.4,1.63525305410122,93.7,95.1,48015.9438112964,15.0339739703944,468.212479668485,1541.75824175824,48015.9438112964,"Compromise (Single Point Estimate)",0.407250223540462,48015.9438112964,4.80159438112964e-05,4.31861453013436,6
"CD19_l115_int_3971","interface","CD19","CD19_l115",1.93,1.85,2.04,1.61,4.66,0.76,1.24,NA,7.71,NA,12.6,NA,11.8,NA,NA,NA,1.78,1.01,NA,NA,NA,NA,NA,NA,NA,10.155,11.8,NA,NA,NA,NA,9.395,13.3618421052632,NA,NA,9.395,13.3618421052632,10.155,11.8,66778.352428709,0.0774631260752324,2.41248271508119,2144.20600858369,66778.352428709,"Compromise (Single Point Estimate)",-0.395630682792032,66778.352428709,6.6778352428709e-05,4.17536430016555,6
"CD19_l115_int_4304","interface","CD19","CD19_l115",1.75,1.74,3.21,2.05,6.83,1.18,2.22,NA,11.7,NA,19.4,NA,17.2,NA,NA,NA,2.86,1.51,NA,NA,NA,NA,NA,NA,NA,15.55,17.2,NA,NA,NA,NA,14.37,13.1779661016949,NA,NA,14.37,13.1779661016949,15.55,17.2,44572.3214099294,0.273999586834533,8.53334096710369,1431.1859443631,44572.3214099294,"Compromise (Single Point Estimate)",0.231535520576982,44572.3214099294,4.45723214099294e-05,4.35093474645526,6
"CD19_l115_int_4516","interface","CD19","CD19_l115",1.69,1.91,1.41,1.8,4.69,1.67,1.91,NA,6.28,NA,9.18,NA,7.44,NA,NA,NA,2.07,1.46,NA,NA,NA,NA,NA,NA,NA,7.73,7.44,NA,NA,NA,NA,6.06,4.62874251497006,NA,NA,6.06,4.62874251497006,7.73,7.44,66331.2774917662,14.6181300141374,455.261590549105,2129.85074626866,66331.2774917662,"Compromise (Single Point Estimate)",-0.0501053456476515,66331.2774917662,6.63312774917662e-05,4.17828163842781,6
"CD19_l115_int_4864","interface","CD19","CD19_l115",2.23,1.75,1.92,2.28,4.63,1.39,2.45,NA,10.7,NA,25,NA,21.8,NA,NA,NA,5.22,2.43,NA,NA,NA,NA,NA,NA,NA,17.85,21.8,NA,NA,NA,NA,16.46,12.841726618705,NA,NA,16.46,12.841726618705,17.85,21.8,67231.2209933444,0.142929176467169,4.4513329783896,2158.74730021598,67231.2209933444,"Compromise (Single Point Estimate)",-0.58138849026296,67231.2209933444,6.72312209933444e-05,4.17242900140545,6
"CD19_l115_int_wildtype","parental","CD19","CD19_l115",4.42,4.56,40.7,88.2,96.5,26.1,29.4,NA,50.4,NA,60.1,NA,57,NA,NA,NA,55,28.4,NA,NA,NA,NA,NA,NA,NA,55.25,57,NA,NA,NA,NA,29.15,2.11685823754789,NA,NA,29.15,2.11685823754789,55.25,57,44.4156852912663,1.42615646857367,44.4156852912663,8.37305699481865,260.767365014052,"Good (Curve Fit)",0.996551187269206,1000,4.44156852912663e-08,7.35246363275755,7.35246363275755
"CD19_l115_NB","neg_control","CD19","CD19_l115",1.69,1.66,1.9,1.9,5.18,2.44,3.21,NA,8.87,NA,12.6,NA,10.2,NA,NA,NA,3.22,2.5,NA,NA,NA,NA,NA,NA,NA,10.735,10.2,NA,NA,NA,NA,8.295,4.39959016393443,NA,NA,8.295,4.39959016393443,10.735,10.2,59762.0953102013,14.6333672675815,455.736133888906,1918.91891891892,59762.0953102013,"Compromise (Single Point Estimate)",0.131531649380498,59762.0953102013,5.97620953102013e-05,4.22357418418955,6
"CD19_l115_nonint_0190","non-interface","CD19","CD19_l115",2.28,1.82,3.03,41.5,91.5,36.5,31.9,NA,37.3,NA,42,NA,37.8,NA,NA,NA,39.2,34.3,NA,NA,NA,NA,NA,NA,NA,39.65,37.8,NA,NA,NA,NA,3.15,1.08630136986301,NA,NA,3.15,1.08630136986301,39.65,37.8,502.549593297084,16.1365145794707,502.549593297084,14.2950819672131,445.200702629493,"Good (Curve Fit)",0.997203071148744,1000,5.02549593297084e-07,6.2988210741413,6.2988210741413
"CD19_l115_nonint_0547","non-interface","CD19","CD19_l115",2.44,8.76,72.9,96.3,99,46.1,48.3,NA,54.7,NA,59.9,NA,58.2,NA,NA,NA,57,51.8,NA,NA,NA,NA,NA,NA,NA,57.3,58.2,NA,NA,NA,NA,11.2,1.24295010845987,NA,NA,11.2,1.24295010845987,57.3,58.2,15.5156404714596,0.498196321351965,15.5156404714596,5.63636363636363,175.536807479644,"Good (Curve Fit)",0.988264801490808,1000,1.55156404714596e-08,7.80923029243047,7.80923029243047
"CD19_l115_nonint_1314","non-interface","CD19","CD19_l115",1.79,1.85,4.88,80.9,98.2,15,15,NA,22.5,NA,26.6,NA,22.5,NA,NA,NA,17.5,15.9,NA,NA,NA,NA,NA,NA,NA,24.55,22.5,NA,NA,NA,NA,9.55,1.63666666666667,NA,NA,9.55,1.63666666666667,24.55,22.5,154.449768989126,4.9592736365336,154.449768989126,6.49694501018329,202.338432903906,"Good (Curve Fit)",0.969937749878393,1000,1.54449768989126e-07,6.8112127369373,6.8112127369373
"CD19_l115_nonint_1810","non-interface","CD19","CD19_l115",2.73,3.75,34.4,91.4,97.4,30.9,37.3,NA,58.1,NA,64.7,NA,59.3,NA,NA,NA,50,36.3,NA,NA,NA,NA,NA,NA,NA,61.4,59.3,NA,NA,NA,NA,30.5,1.98705501618123,NA,NA,30.5,1.98705501618123,61.4,59.3,56.359652900043,1.80966888212728,56.359652900043,7.37166324435317,229.580331435753,"Good (Curve Fit)",0.994543132765286,1000,5.6359652900043e-08,7.24903169022663,7.24903169022663
"CD19_l115_nonint_1986","non-interface","CD19","CD19_l115",1.95,2.09,2.18,3.7,47.9,4.85,5.82,NA,11.9,NA,15,NA,13.3,NA,NA,NA,5.85,5.63,NA,NA,NA,NA,NA,NA,NA,13.45,13.3,NA,NA,NA,NA,8.6,2.77319587628866,NA,NA,8.6,2.77319587628866,13.45,13.3,3685.22084744455,NA,NA,118.329853862213,3685.22084744455,"Compromise (Single Point Estimate)",NA,3685.22084744455,3.68522084744455e-06,5.43353648068077,6
"CD19_l115_nonint_2376","non-interface","CD19","CD19_l115",2.29,3.08,26.9,91.8,98,39.5,34.7,NA,51.5,NA,57.9,NA,51.9,NA,NA,NA,54.2,39.9,NA,NA,NA,NA,NA,NA,NA,54.7,51.9,NA,NA,NA,NA,15.2,1.38481012658228,NA,NA,15.2,1.38481012658228,54.7,51.9,73.0580589925026,2.34584297709985,73.0580589925026,6.71428571428571,209.107210753401,"Good (Curve Fit)",0.989515158905444,1000,7.30580589925026e-08,7.13633187031249,7.13633187031249
"CD19_l115_nonint_3533","non-interface","CD19","CD19_l115",2.43,1.99,8.48,93.1,99,15.6,15.4,NA,22.8,NA,28.6,NA,24.7,NA,NA,NA,15.9,16.3,NA,NA,NA,NA,NA,NA,NA,25.7,24.7,NA,NA,NA,NA,10.1,1.6474358974359,NA,NA,10.1,1.6474358974359,25.7,24.7,117.804020222332,3.7826043741601,117.804020222332,5.63636363636363,175.536807479644,"Good (Curve Fit)",0.956344021564665,1000,1.17804020222332e-07,6.92883988840645,6.92883988840645
"CD19_l115_nonint_4002","non-interface","CD19","CD19_l115",2.98,6.43,28.4,91.5,97.7,53.9,52,NA,71.1,NA,83.8,NA,80.7,NA,NA,NA,63.4,55.3,NA,NA,NA,NA,NA,NA,NA,77.45,80.7,NA,NA,NA,NA,23.55,1.43692022263451,NA,NA,23.55,1.43692022263451,77.45,80.7,67.9736408197937,2.18258587955895,67.9736408197937,7.04196519959058,219.312338463028,"Good (Curve Fit)",0.989973251120388,1000,6.79736408197937e-08,7.16765946767375,7.16765946767375
"CD19_l115_nonint_4004","non-interface","CD19","CD19_l115",2.9,3.41,16.9,89.8,97.2,53.5,54.7,NA,73.5,NA,80.7,NA,78.3,NA,NA,NA,64.8,53.6,NA,NA,NA,NA,NA,NA,NA,77.1,78.3,NA,NA,NA,NA,23.6,1.4411214953271,NA,NA,23.6,1.4411214953271,77.1,78.3,98.132866149946,3.15097742884402,98.132866149946,7.59259259259259,236.460872680165,"Good (Curve Fit)",0.977905600909737,1000,9.8132866149946e-08,7.00818551660498,7.00818551660498
"CD19_l115_nonint_4561","non-interface","CD19","CD19_l115",3.22,4.57,30.1,90.5,96.7,71.4,68.1,NA,80,NA,86.7,NA,85.9,NA,NA,NA,80.1,73.5,NA,NA,NA,NA,NA,NA,NA,83.35,85.9,NA,NA,NA,NA,11.95,1.16736694677871,NA,NA,11.95,1.16736694677871,83.35,85.9,64.4415163275695,2.06917184216744,64.4415163275695,8.14891416752843,253.78674437628,"Good (Curve Fit)",0.992071667600325,1000,6.44415163275695e-08,7.19083424905747,7.19083424905747
"CD19_l115_nonint_4784","non-interface","CD19","CD19_l115",2.86,4.25,3.65,40.8,90.4,51.5,47.5,NA,56.9,NA,67.4,NA,62.6,NA,NA,NA,59.4,54.4,NA,NA,NA,NA,NA,NA,NA,62.15,62.6,NA,NA,NA,NA,10.65,1.20679611650485,NA,NA,10.65,1.20679611650485,62.15,62.6,501.171383414593,16.0922612278433,501.171383414593,15.6858407079646,488.513974284093,"Good (Curve Fit)",0.995265505199546,1000,5.01171383414593e-07,6.30001373492438,6.30001373492438
"CD19_l115_nonint_4959","non-interface","CD19","CD19_l115",2.06,2.09,14.8,94.4,98.3,11.6,13.6,NA,23.4,NA,29.8,NA,24.3,NA,NA,NA,17.2,14.8,NA,NA,NA,NA,NA,NA,NA,26.6,24.3,NA,NA,NA,NA,15,2.29310344827586,NA,NA,15,2.29310344827586,26.6,24.3,99.5845899204314,3.19759125979772,99.5845899204314,6.38860630722279,198.964372734778,"Good (Curve Fit)",0.967178747949605,1000,9.95845899204314e-08,7.00180786067577,7.00180786067577
"CD19_l115_UTD","neg_control","CD19","CD19_l115",1.58,1.46,1.23,1.52,5.2,2.27,2.96,NA,7.82,NA,3.92,NA,13.7,NA,NA,NA,2.66,2.6,NA,NA,NA,NA,NA,NA,NA,5.87,13.7,NA,NA,NA,NA,3.6,2.58590308370044,NA,NA,3.6,2.58590308370044,5.87,13.7,59520.2627793415,28.1901978783394,877.945011542169,1911.15384615385,59520.2627793415,"Compromise (Single Point Estimate)",0.504794676211099,59520.2627793415,5.95202627793415e-05,4.22533516006691,6
"CD19_l82_all_wildtype","parental","CD19","CD19_l82",0.055,0.63,0.46,0.91,4.68,4.61,10.7,NA,55.6,NA,71.7,70.6,71.2,NA,NA,NA,NA,NA,NA,NA,NA,NA,NA,NA,NA,63.65,71.2,NA,NA,NA,NA,59.04,13.8069414316703,NA,NA,59.04,13.8069414316703,63.65,71.2,551.913483453447,74.2768107737366,551.913483453447,2118.91025641026,15744.5524189647,"Good (Curve Fit)",0.964034985680963,1000,5.51913483453447e-07,6.25812899582802,6.25812899582802
"CD19_l82_FMC63","pos_control","CD19","CD19_l82",0.76,2.08,66.5,99,98.9,3.13,3.32,NA,94.2,NA,98.3,95.9,17.1,NA,NA,NA,NA,NA,NA,NA,NA,NA,NA,NA,NA,96.25,17.1,NA,NA,NA,NA,93.12,30.7507987220447,NA,NA,93.12,30.7507987220447,96.25,17.1,5,0.672902665006206,5,4.99999999999999,37.1524758335879,"Known",0.982609449095589,1000,5e-09,8.30102999566398,8.30102999566398
"CD19_l82_int_0617","interface","CD19","CD19_l82",4.69,1.53,0.98,1.11,5.06,9.53,12.6,NA,26.6,NA,46.3,47.9,42.7,NA,NA,NA,NA,NA,NA,NA,NA,NA,NA,NA,NA,36.45,42.7,NA,NA,NA,NA,26.92,3.82476390346275,NA,NA,26.92,3.82476390346275,36.45,42.7,14506.3530641146,50.1740062280922,372.817710772697,1952.27272727273,14506.3530641146,"Compromise (Single Point Estimate)",-0.52643657327359,14506.3530641146,1.45063530641146e-05,4.83844175663225,6
"CD19_l82_int_1425","interface","CD19","CD19_l82",0.81,0.99,0.83,0.77,2.34,12.5,15.7,NA,60.8,NA,77.9,79.3,77.1,NA,NA,NA,NA,NA,NA,NA,NA,NA,NA,NA,NA,69.35,77.1,NA,NA,NA,NA,56.85,5.548,NA,NA,56.85,5.548,69.35,77.1,32232.1543546012,0.0574624937599807,0.426974782151077,4337.82051282051,32232.1543546012,"Compromise (Single Point Estimate)",-0.208501139680356,32232.1543546012,3.22321543546012e-05,4.4917106658483,6
"CD19_l82_int_1554","interface","CD19","CD19_l82",0.55,0.74,0.51,1.39,1.69,9.84,24.6,NA,63.8,NA,82.6,83.9,81.5,NA,NA,NA,NA,NA,NA,NA,NA,NA,NA,NA,NA,73.2,81.5,NA,NA,NA,NA,63.36,7.4390243902439,NA,NA,63.36,7.4390243902439,73.2,81.5,44914.9250743216,1.59388987952641,11.8433910461011,6044.67455621302,44914.9250743216,"Compromise (Single Point Estimate)",0.351471175859663,44914.9250743216,4.49149250743216e-05,4.34760932045886,6
"CD19_l82_int_1949","interface","CD19","CD19_l82",1.87,1.42,1.19,1.21,2.87,7.39,13.6,NA,36.4,NA,63.5,56.6,57.8,NA,NA,NA,NA,NA,NA,NA,NA,NA,NA,NA,NA,49.95,57.8,NA,NA,NA,NA,42.56,6.75913396481732,NA,NA,42.56,6.75913396481732,49.95,57.8,26142.6567755857,0.0384104335638107,0.285408540947423,3518.29268292683,26142.6567755857,"Compromise (Single Point Estimate)",-1.67861680401612,26142.6567755857,2.61426567755857e-05,4.58265027886927,6
"CD19_l82_int_2641","interface","CD19","CD19_l82",1,0.55,0.8,1.12,5.3,13.7,34,NA,70.8,NA,88.4,86,84.8,NA,NA,NA,NA,NA,NA,NA,NA,NA,NA,NA,NA,79.6,84.8,NA,NA,NA,NA,65.9,5.81021897810219,NA,NA,65.9,5.81021897810219,79.6,84.8,13815.8140793242,58.5981257338799,435.413090044304,1859.33962264151,13815.8140793242,"Compromise (Single Point Estimate)",0.891082822211736,13815.8140793242,1.38158140793242e-05,4.8596235197419,6
"CD19_l82_int_3309","interface","CD19","CD19_l82",0.78,0.96,0.64,1.42,3.54,16.3,27,NA,53.7,NA,73.7,72.6,70.7,NA,NA,NA,NA,NA,NA,NA,NA,NA,NA,NA,NA,63.7,70.7,NA,NA,NA,NA,47.4,3.9079754601227,NA,NA,47.4,3.9079754601227,63.7,70.7,21054.1191440002,16.4356942961022,122.125347028835,2833.47457627119,21054.1191440002,"Compromise (Single Point Estimate)",0.708640778581525,21054.1191440002,2.10541191440002e-05,4.67666292374751,6
"CD19_l82_int_4258","interface","CD19","CD19_l82",0.86,1.3,1.02,1.4,1.26,7.13,12.4,NA,32.6,NA,55.4,49.7,55,NA,NA,NA,NA,NA,NA,NA,NA,NA,NA,NA,NA,44,55,NA,NA,NA,NA,36.87,6.1711079943899,NA,NA,36.87,6.1711079943899,44,55,60496.6148156924,-0.00393927813810121,-0.0292707871655173,8141.66666666667,60496.6148156924,"Compromise (Single Point Estimate)",-3.15196244941146,60496.6148156924,6.04966148156924e-05,4.21826892630616,6
"CD19_l82_int_4727","interface","CD19","CD19_l82",0.79,0.9,0.9,3.23,44.3,25.2,34.8,NA,61.2,NA,75.6,78.2,74.9,NA,NA,NA,NA,NA,NA,NA,NA,NA,NA,NA,NA,68.4,74.9,NA,NA,NA,NA,43.2,2.71428571428571,NA,NA,43.2,2.71428571428571,68.4,74.9,998.75583454221,NA,NA,134.41309255079,998.75583454221,"Compromise (Single Point Estimate)",NA,1000,9.9875583454221e-07,6.00054067060453,6.00054067060453
"CD19_l82_int_4740","interface","CD19","CD19_l82",0.69,1.26,1.08,1.17,1.6,15.2,20.4,NA,47.9,NA,66.6,68,66.3,NA,NA,NA,NA,NA,NA,NA,NA,NA,NA,NA,NA,57.25,66.3,NA,NA,NA,NA,42.05,3.76644736842105,NA,NA,42.05,3.76644736842105,57.25,66.3,47483.186145065,0.00459651126377491,0.0341543547292424,6390.3125,47483.186145065,"Compromise (Single Point Estimate)",-0.458977822892676,47483.186145065,4.7483186145065e-05,4.32346014736709,6
"CD19_l82_int_4898","interface","CD19","CD19_l82",0.68,0.77,0.8,2.15,43.1,26.2,38.6,NA,54.9,NA,70,69.5,67.1,NA,NA,NA,NA,NA,NA,NA,NA,NA,NA,NA,NA,62.45,67.1,NA,NA,NA,NA,36.25,2.38358778625954,NA,NA,36.25,2.38358778625954,62.45,67.1,1047.25157517926,NA,NA,140.939675174014,1047.25157517926,"Compromise (Single Point Estimate)",NA,1047.25157517926,1.04725157517926e-06,5.97994897774054,6
"CD19_l82_NB","neg_control","CD19","CD19_l82",0,0.51,0.71,0.81,0.31,4.06,5.8,NA,13.8,NA,22.3,20.3,17.9,NA,NA,NA,NA,NA,NA,NA,NA,NA,NA,NA,NA,18.05,17.9,NA,NA,NA,NA,13.99,4.44581280788177,NA,NA,13.99,4.44581280788177,18.05,17.9,248166.553898744,0.0154319222839342,0.114666823943935,33398.3870967742,248166.553898744,"Compromise (Single Point Estimate)",0.661542791652826,248166.553898744,0.000248166553898744,3.60525674997666,6
"CD19_l82_nonint_0084","non-interface","CD19","CD19_l82",1.4,1.61,3.08,3.44,4.41,4.65,9.33,NA,30.9,NA,50.2,47.1,39,NA,NA,NA,NA,NA,NA,NA,NA,NA,NA,NA,NA,40.55,39,NA,NA,NA,NA,35.9,8.72043010752688,NA,NA,35.9,8.72043010752688,40.55,39,16753.9974354323,0.166561212796771,1.23763228664903,2254.7619047619,16753.9974354323,"Compromise (Single Point Estimate)",0.616790846534545,16753.9974354323,1.67539974354323e-05,4.77588155537194,6
"CD19_l82_nonint_0125","non-interface","CD19","CD19_l82",0.11,1.2,1.31,1.21,2.3,1.92,4.09,NA,27.9,NA,47.7,45.1,40.1,NA,NA,NA,NA,NA,NA,NA,NA,NA,NA,NA,NA,37.8,40.1,NA,NA,NA,NA,35.88,19.6875,NA,NA,35.88,19.6875,37.8,40.1,32805.6361610582,0.0447745019538515,0.332696720360281,4415,32805.6361610582,"Compromise (Single Point Estimate)",0.709632961454368,32805.6361610582,3.28056361610582e-05,4.48405153606372,6
"CD19_l82_nonint_0878","non-interface","CD19","CD19_l82",1.32,1.9,2.06,1.46,2.22,2.1,4.73,NA,31.1,NA,54,50.2,47.6,NA,NA,NA,NA,NA,NA,NA,NA,NA,NA,NA,NA,42.55,47.6,NA,NA,NA,NA,40.45,20.2619047619048,NA,NA,40.45,20.2619047619048,42.55,47.6,34014.5978071025,-5.95141082186466e-05,-0.000442219293470161,4577.7027027027,34014.5978071025,"Compromise (Single Point Estimate)",-2.4411670851985,34014.5978071025,3.40145978071025e-05,4.46833465982582,6
"CD19_l82_nonint_2749","non-interface","CD19","CD19_l82",1.95,1.21,2.58,3.48,4.11,4.32,6.66,NA,28.4,NA,46.7,45.5,42.6,NA,NA,NA,NA,NA,NA,NA,NA,NA,NA,NA,NA,37.55,42.6,NA,NA,NA,NA,33.23,8.69212962962963,NA,NA,33.23,8.69212962962963,37.55,42.6,18031.1541472647,0.325522687445759,2.41879475572264,2426.64233576642,18031.1541472647,"Compromise (Single Point Estimate)",0.233604891957442,18031.1541472647,1.80311541472647e-05,4.74397647384631,6
"CD19_l82_nonint_4227","non-interface","CD19","CD19_l82",5.03,3.61,1.36,3.7,5.52,11.1,10.2,NA,49.1,NA,59.3,59.2,57.5,NA,NA,NA,NA,NA,NA,NA,NA,NA,NA,NA,NA,54.2,57.5,NA,NA,NA,NA,43.1,4.88288288288288,NA,NA,43.1,4.88288288288288,54.2,57.5,13235.5695157157,2.02470807817164,15.0445835888684,1781.25,13235.5695157157,"Compromise (Single Point Estimate)",-2.5675714136011,13235.5695157157,1.32355695157157e-05,4.87825736662472,6
"CD19_l82_nonint_4330","non-interface","CD19","CD19_l82",2.73,4.98,3.87,4.32,4.69,6.12,9.95,NA,35.6,NA,55.6,55.4,51,NA,NA,NA,NA,NA,NA,NA,NA,NA,NA,NA,NA,45.6,51,NA,NA,NA,NA,39.48,7.45098039215686,NA,NA,39.48,7.45098039215686,45.6,51,15709.3976173962,-0.0133610238747792,-0.0992790233239452,2114.17910447761,15709.3976173962,"Compromise (Single Point Estimate)",-1.53050357904236,15709.3976173962,1.57093976173962e-05,4.80384046782168,6
"CD19_l82_nonint_4581","non-interface","CD19","CD19_l82",1.74,2.26,2.05,3.18,4.52,5.58,7.28,NA,30.9,NA,46.1,44.6,43.9,NA,NA,NA,NA,NA,NA,NA,NA,NA,NA,NA,NA,38.5,43.9,NA,NA,NA,NA,32.92,6.89964157706093,NA,NA,32.92,6.89964157706093,38.5,43.9,16328.1843458899,0.0750285710874236,0.557499434830828,2197.45575221239,16328.1843458899,"Compromise (Single Point Estimate)",-0.117354278332533,16328.1843458899,1.63281843458899e-05,4.78706210506129,6
"CD19_l82_nonint_4746","non-interface","CD19","CD19_l82",3.43,3.98,3.72,3.49,4.3,3.07,5.43,NA,25.8,NA,37.9,41.6,36.2,NA,NA,NA,NA,NA,NA,NA,NA,NA,NA,NA,NA,31.85,36.2,NA,NA,NA,NA,28.78,10.3745928338762,NA,NA,28.78,10.3745928338762,31.85,36.2,17201.5963109512,-0.00322530077992276,-0.0239655818564266,2315,17201.5963109512,"Compromise (Single Point Estimate)",-22.279414949051,17201.5963109512,1.72015963109512e-05,4.76443124862334,6
"CD19_l82_nonint_4761","non-interface","CD19","CD19_l82",1.31,3.25,3.16,3.8,4.6,7.38,9.23,NA,34.9,NA,54.6,52.8,48.1,NA,NA,NA,NA,NA,NA,NA,NA,NA,NA,NA,NA,44.75,48.1,NA,NA,NA,NA,37.37,6.06368563685637,NA,NA,37.37,6.06368563685637,44.75,48.1,16031.2933221932,0.0243943312097371,0.18126196014926,2157.5,16031.2933221932,"Compromise (Single Point Estimate)",0.550987493146755,16031.2933221932,1.60312933221932e-05,4.79503143959006,6
"CD19_l82_nonint_4955","non-interface","CD19","CD19_l82",3.95,4.3,3.89,2.47,5.3,9,6.84,NA,32.7,NA,50.5,50.7,47.2,NA,NA,NA,NA,NA,NA,NA,NA,NA,NA,NA,NA,41.6,47.2,NA,NA,NA,NA,32.6,4.62222222222222,NA,NA,32.6,4.62222222222222,41.6,47.2,13815.8140793242,-0.00957831900361851,-0.0711716530616666,1859.33962264151,13815.8140793242,"Compromise (Single Point Estimate)",-3.74548035659945,13815.8140793242,1.38158140793242e-05,4.8596235197419,6
"CD19_l82_UTD","neg_control","CD19","CD19_l82",0.082,1.03,0.79,0.88,0.95,0.85,1.2,NA,4.85,NA,10.5,10.7,8.54,NA,NA,NA,NA,NA,NA,NA,NA,NA,NA,NA,NA,7.675,8.54,NA,NA,NA,NA,6.825,9.02941176470588,NA,NA,6.825,9.02941176470588,7.675,8.54,80480.0842294112,-0.0148966352917681,-0.110689376535838,10831.0526315789,80480.0842294112,"Compromise (Single Point Estimate)",0.962414822463625,80480.0842294112,8.04800842294112e-05,4.09431157776094,6
"CD22_l61_int_0469","interface","CD22","CD22",0.43,0.24,1.11,45.2,NA,6.77,32,NA,NA,41.3,74.4,NA,NA,65.9,21.5,23.6,NA,NA,NA,NA,NA,NA,NA,NA,NA,NA,NA,40.2,65.9,NA,NA,NA,NA,33.43,5.93796159527326,33.43,5.93796159527326,40.2,65.9,10411034.6449036,NA,NA,8580.025,10411034.6449036,"Compromise (Single Point Estimate)",NA,10411034.6449036,0.0104110346449036,1.98250610831425,6
"CD22_l61_int_0508","interface","CD22","CD22",1.28,1.01,4.26,83.4,NA,11.2,10,NA,NA,8.94,17.2,NA,NA,16.2,8.79,9.59,NA,NA,NA,NA,NA,NA,NA,NA,NA,NA,NA,11.13,16.2,NA,NA,NA,NA,-0.0700000000000003,0.99375,-0.0700000000000003,0.99375,11.13,16.2,2473816.71553159,NA,NA,2038.74158415842,2473816.71553159,"Compromise (Single Point Estimate)",NA,2473816.71553159,0.00247381671553159,2.60663248028569,6
"CD22_l61_int_1411","interface","CD22","CD22",0.6,0.63,41.1,94.4,NA,6.33,6.23,NA,NA,5.72,15.1,NA,NA,9.29,5.8,5.49,NA,NA,NA,NA,NA,NA,NA,NA,NA,NA,NA,8.0275,9.29,NA,NA,NA,NA,1.6975,1.26816745655608,1.6975,1.26816745655608,8.0275,9.29,2186.26231849883,1.80175995845528,2186.26231849883,3268.51904761905,3966033.32068254,"Good (Curve Fit)",0.99503484148657,2186.26231849883,2.18626231849883e-06,5.66029773047336,6
"CD22_l61_int_1846","interface","CD22","CD22",0.89,1.02,1.25,48.5,NA,11.6,35,NA,NA,38.9,72.2,NA,NA,72,27.8,28.5,NA,NA,NA,NA,NA,NA,NA,NA,NA,NA,NA,41.85,72,NA,NA,NA,NA,30.25,3.60775862068966,30.25,3.60775862068966,41.85,72,2449562.42086582,NA,NA,2018.75294117647,2449562.42086582,"Compromise (Single Point Estimate)",NA,2449562.42086582,0.00244956242086582,2.61091148917676,6
"CD22_l61_int_2154","interface","CD22","CD22",0.79,0.82,3.06,64.7,NA,7.9,7.34,NA,NA,6.8,15.8,NA,NA,10.4,6.88,6.07,NA,NA,NA,NA,NA,NA,NA,NA,NA,NA,NA,8.8875,10.4,NA,NA,NA,NA,0.987499999999999,1.125,0.987499999999999,1.125,8.8875,10.4,3047046.26507128,NA,NA,2511.15609756098,3047046.26507128,"Compromise (Single Point Estimate)",NA,3047046.26507128,0.00304704626507128,2.51612095158218,6
"CD22_l61_int_2538","interface","CD22","CD22",0.47,0.9,1.75,54.5,NA,1.5,1.57,NA,NA,1.6,8.25,NA,NA,3.12,1.3,1.37,NA,NA,NA,NA,NA,NA,NA,NA,NA,NA,NA,3.13,3.12,NA,NA,NA,NA,1.63,2.08666666666667,1.63,2.08666666666667,3.13,3.12,2776186.92236481,NA,NA,2287.93333333333,2776186.92236481,"Compromise (Single Point Estimate)",NA,2776186.92236481,0.00277618692236481,2.55655129591942,6
"CD22_l61_int_3344","interface","CD22","CD22",0,2.25,9.57,94.1,NA,0.64,5.44,NA,NA,6.35,20.8,NA,NA,1.7,1.15,1.34,NA,NA,NA,NA,NA,NA,NA,NA,NA,NA,NA,7.41,5.44,NA,NA,NA,NA,6.77,11.578125,6.77,11.578125,7.41,5.44,339763.763918699,280.008826014576,339763.763918699,915.113333333334,1110401.96471998,"Good (Curve Fit)",0.999731969288065,339763.763918699,0.000339763763918699,3.46882294085636,6
"CD22_l61_int_4308","interface","CD22","CD22",1.23,0.63,2.41,65,NA,1.55,4.51,NA,NA,1.5,14.1,NA,NA,14.2,4.25,4.26,NA,NA,NA,NA,NA,NA,NA,NA,NA,NA,NA,6.0275,14.2,NA,NA,NA,NA,4.4775,3.88870967741935,4.4775,3.88870967741935,6.0275,14.2,3966033.32068254,NA,NA,3268.51904761905,3966033.32068254,"Compromise (Single Point Estimate)",NA,3966033.32068254,0.00396603332068254,2.40164364138443,6
"CD22_l61_int_4515","interface","CD22","CD22",0.4,0.81,2.05,71.2,NA,5.29,4.51,NA,NA,4.14,14.1,NA,NA,14.2,4.25,4.26,NA,NA,NA,NA,NA,NA,NA,NA,NA,NA,NA,6.6875,14.2,NA,NA,NA,NA,1.3975,1.26417769376181,1.3975,1.26417769376181,6.6875,14.2,3084665.61822496,NA,NA,2542.15925925926,3084665.61822496,"Compromise (Single Point Estimate)",NA,3084665.61822496,0.00308466561822496,2.51079190716737,6
"CD22_l61_int_4838","interface","CD22","CD22",1.08,0.85,2.09,61.7,NA,0.8,0.85,NA,NA,0.87,9.47,NA,NA,2.29,0.83,0.68,NA,NA,NA,NA,NA,NA,NA,NA,NA,NA,NA,2.9625,2.29,NA,NA,NA,NA,2.1625,3.703125,2.1625,3.703125,2.9625,2.29,2939499.1731143,NA,NA,2422.52352941177,2939499.1731143,"Compromise (Single Point Estimate)",NA,2939499.1731143,0.0029394991731143,2.5317266576426,6
"CD22_l61_int_4999","interface","CD22","CD22",0.47,0.88,3.63,79.6,NA,4,3.72,NA,NA,3.2,11.1,NA,NA,5.4,3.4,3.16,NA,NA,NA,NA,NA,NA,NA,NA,NA,NA,NA,5.215,5.4,NA,NA,NA,NA,1.215,1.30375,1.215,1.30375,5.215,5.4,2839284.83742711,NA,NA,2339.93409090909,2839284.83742711,"Compromise (Single Point Estimate)",NA,2839284.83742711,0.00283928483742711,2.54679103680924,6
"CD22_l61_int_wildtype","parental","CD22","CD22",0.62,68.3,95.4,97.4,NA,11,11,NA,NA,54.5,61.1,NA,NA,42.1,20.3,34.8,NA,NA,NA,NA,NA,NA,NA,NA,NA,NA,NA,42.675,42.1,NA,NA,NA,NA,31.675,3.87954545454545,31.675,3.87954545454545,42.675,42.1,53.454447517336,0.0440533061029092,53.454447517336,30.0497803806735,36462.5166727295,"Good (Curve Fit)",0.999687346146749,1000,5.3454447517336e-08,7.27201615477922,7.27201615477922
"CD22_l61_nonint_0191","non-interface","CD22","CD22",0.88,40.5,95.8,96.8,NA,5.34,3.96,NA,NA,33.1,36,NA,NA,5.23,6.86,16,NA,NA,NA,NA,NA,NA,NA,NA,NA,NA,NA,22.99,5.34,NA,NA,NA,NA,17.65,4.30524344569288,17.65,4.30524344569288,22.99,5.34,168.721323865854,0.139047964604629,168.721323865854,50.7451851851852,61574.3987954594,"Good (Curve Fit)",0.990980059786712,1000,1.68721323865854e-07,6.77283002557903,6.77283002557903
"CD22_l61_nonint_0247","non-interface","CD22","CD22",0.69,44.1,91.6,96.3,NA,8.68,6.37,NA,NA,25.8,40,NA,NA,21.1,9.68,25.5,NA,NA,NA,NA,NA,NA,NA,NA,NA,NA,NA,25.245,21.1,NA,NA,NA,NA,16.565,2.90841013824885,16.565,2.90841013824885,25.245,21.1,146.606689603703,0.120822675638946,146.606689603703,46.5945578231293,56538.0119242732,"Good (Curve Fit)",0.997789524898625,1000,1.46606689603703e-07,6.83384621256194,6.83384621256194
"CD22_l61_nonint_0387","non-interface","CD22","CD22",6.92,16.6,92.9,98.3,NA,17.1,14.5,NA,NA,18.6,24.7,NA,NA,22.1,15.3,19.9,NA,NA,NA,NA,NA,NA,NA,NA,NA,NA,NA,19.625,22.1,NA,NA,NA,NA,2.525,1.14766081871345,2.525,1.14766081871345,19.625,22.1,376.697140555808,0.310446655268745,376.697140555808,123.95,150401.396760009,"Good (Curve Fit)",0.958606517505442,1000,3.76697140555808e-07,6.42400767644008,6.42400767644008
"CD22_l61_nonint_0714","non-interface","CD22","CD22",0.81,41.5,90.5,96.4,NA,23.7,20.7,NA,NA,61.7,67,NA,NA,28.7,29.3,45.5,NA,NA,NA,NA,NA,NA,NA,NA,NA,NA,NA,50.875,28.7,NA,NA,NA,NA,27.175,2.14662447257384,27.175,2.14662447257384,50.875,28.7,162.960703891339,0.134300476474712,162.960703891339,49.52,60087.7544780611,"Good (Curve Fit)",0.997948556872097,1000,1.62960703891339e-07,6.78791710811525,6.78791710811525
"CD22_l61_nonint_0779","non-interface","CD22","CD22",0.59,71.6,96.5,98.9,NA,21.3,17.1,NA,NA,52.3,52.3,NA,NA,38.9,25.8,34.5,NA,NA,NA,NA,NA,NA,NA,NA,NA,NA,NA,41.225,38.9,NA,NA,NA,NA,19.925,1.93544600938967,19.925,1.93544600938967,41.225,38.9,47.4748976352133,0.0391253917094561,47.4748976352133,28.6601955307263,34776.3891830271,"Good (Curve Fit)",0.99986936514442,1000,4.74748976352133e-08,7.32353596301032,7.32353596301032
"CD22_l61_nonint_1227","non-interface","CD22","CD22",0.82,29.3,95.2,96.2,NA,7.76,8.79,NA,NA,44.7,47.6,NA,NA,36.8,11.7,27.3,NA,NA,NA,NA,NA,NA,NA,NA,NA,NA,NA,32.825,36.8,NA,NA,NA,NA,25.065,4.23002577319588,25.065,4.23002577319588,32.825,36.8,246.104370480632,0.202821498857153,246.104370480632,70.1808873720137,85157.7530182151,"Good (Curve Fit)",0.980416177545143,1000,2.46104370480632e-07,6.60888067374633,6.60888067374633
"CD22_l61_nonint_1279","non-interface","CD22","CD22",0.74,38.5,96.7,97.8,NA,15.3,14.5,NA,NA,19.1,24,NA,NA,27.3,14.3,22,NA,NA,NA,NA,NA,NA,NA,NA,NA,NA,NA,19.85,27.3,NA,NA,NA,NA,4.55,1.29738562091503,4.55,1.29738562091503,19.85,27.3,183.940339305365,0.151590381127113,183.940339305365,53.3864935064935,64779.3722589415,"Good (Curve Fit)",0.989464057788579,1000,1.83940339305365e-07,6.73532301672955,6.73532301672955
"CD22_l61_nonint_2261","non-interface","CD22","CD22",0.86,36.3,92.1,98.4,NA,7.77,7.95,NA,NA,53.1,54.7,NA,NA,10.7,15.1,33.9,NA,NA,NA,NA,NA,NA,NA,NA,NA,NA,NA,39.2,10.7,NA,NA,NA,NA,31.43,5.04504504504505,31.43,5.04504504504505,39.2,10.7,205.047983671213,0.168985781538996,205.047983671213,56.6280991735537,68712.7487823059,"Good (Curve Fit)",0.995563914795675,1000,2.05047983671213e-07,6.68814449696792,6.68814449696792
"CD22_l61_nonint_2695","non-interface","CD22","CD22",0.82,18.1,97.3,98,NA,13.7,14,NA,NA,34.3,38.6,NA,NA,34.2,13.5,23.5,NA,NA,NA,NA,NA,NA,NA,NA,NA,NA,NA,27.475,34.2,NA,NA,NA,NA,13.775,2.00547445255474,13.775,2.00547445255474,27.475,34.2,342.233565328537,0.282044258472946,342.233565328537,113.669613259669,137927.136776315,"Good (Curve Fit)",0.959143172315053,1000,3.42233565328537e-07,6.46567739829552,6.46567739829552
"CD22_l61_nonint_3136","non-interface","CD22","CD22",0.8,29.3,95.2,96.2,NA,6.17,6.58,NA,NA,48.3,46.6,NA,NA,10.6,14.7,35.9,NA,NA,NA,NA,NA,NA,NA,NA,NA,NA,NA,36.375,10.6,NA,NA,NA,NA,30.205,5.89546191247974,30.205,5.89546191247974,36.375,10.6,246.104371717495,0.202821499876485,246.104371717495,70.1808873720137,85157.7530182151,"Good (Curve Fit)",0.980427050804121,1000,2.46104371717495e-07,6.60888067156367,6.60888067156367
"CD22_l61_nonint_3278","non-interface","CD22","CD22",0.56,0.73,2.65,67.9,NA,5.35,5.15,NA,NA,4.64,24.3,NA,NA,16.5,4.87,5.29,NA,NA,NA,NA,NA,NA,NA,NA,NA,NA,NA,9.775,16.5,NA,NA,NA,NA,4.425,1.82710280373832,4.425,1.82710280373832,9.775,16.5,3422724.46300321,NA,NA,2820.76301369863,3422724.46300321,"Compromise (Single Point Estimate)",NA,3422724.46300321,0.00342272446300321,2.46562806113491,6
"CD22_l61_nonint_4434","non-interface","CD22","CD22",2.23,77.9,98.8,100,NA,17.9,12.7,NA,NA,65.1,74.3,NA,NA,19.4,28.7,52.9,NA,NA,NA,NA,NA,NA,NA,NA,NA,NA,NA,55.25,19.4,NA,NA,NA,NA,37.35,3.08659217877095,37.35,3.08659217877095,55.25,19.4,35.6697451135307,0.0293964351533051,35.6697451135307,26.3342747111682,31954.1081018272,"Good (Curve Fit)",0.999067888824078,1000,3.56697451135307e-08,7.4476999940029,7.4476999940029
"CD22_m971","pos_control","CD22","CD22",0.84,82.7,98.4,98.9,NA,5.01,3.45,NA,NA,61.4,90,NA,NA,5.76,16.3,35.8,NA,NA,NA,NA,NA,NA,NA,NA,NA,NA,NA,50.875,5.76,NA,NA,NA,NA,45.865,10.1546906187625,45.865,10.1546906187625,50.875,5.76,24.8,0.0204383740192587,24.8,24.8,30092.413389659,"Known",0.99976409959364,1000,2.48e-08,7.60554831917378,7.60554831917378
"CD22_NB","neg_control","CD22","CD22",0.58,0.77,2.55,59.9,NA,8.17,6.64,NA,NA,5.92,15.1,NA,NA,9.34,7.19,6.83,NA,NA,NA,NA,NA,NA,NA,NA,NA,NA,NA,8.76,9.34,NA,NA,NA,NA,0.59,1.07221542227662,0.59,1.07221542227662,8.76,9.34,3244914.29139906,NA,NA,2674.22467532468,3244914.29139906,"Compromise (Single Point Estimate)",NA,3244914.29139906,0.00324491429139906,2.48879676982325,6
"CD22_UTD","neg_control","CD22","CD22",0.13,0.1,0.32,28.8,NA,0.79,1.37,NA,NA,1.03,7.14,NA,NA,1.91,0.92,1.14,NA,NA,NA,NA,NA,NA,NA,NA,NA,NA,NA,2.5575,1.91,NA,NA,NA,NA,1.7675,3.2373417721519,1.7675,3.2373417721519,2.5575,1.91,24986653.0242958,NA,NA,20592.2,24986653.0242958,"Compromise (Single Point Estimate)",NA,24986653.0242958,0.0249866530242958,1.60229191395872,6
