elapsed_hours,cellline,donor,NB,Abecma,X561726_WT,int_1525,nonint_0366
0,K562,donor1,100,100,100,100,100
4,K562,donor1,118.0819,116.3079,116.48,116.1397,119.3361
8,K562,donor1,134.2341,131.841,130.931,133.4493,138.0965
12,K562,donor1,150.3916,149.9377,146.8841,150.4336,158.573
16,K562,donor1,169.9191,169.6189,165.0539,172.622,184.6043
20,K562,donor1,193.636,192.1957,189.1496,195.1917,215.4979
24,K562,donor1,229.0887,226.2866,225.7933,229.4566,256.014
28,K562,donor1,268.5283,261.2164,262.3112,272.0862,302.4565
32,K562,donor1,312.3034,303.6848,303.8132,321.4278,354.7238
36,K562,donor1,361.0406,357.9415,347.5082,381.1891,415.7989
40,K562,donor1,429.491,420.2776,408.274,450.6077,495.8302
44,K562,donor1,502.2623,493.9347,483.5739,524.1965,592.866
48,K562,donor1,600.403,590.6972,577.3411,619.8931,714.1436
52,K562,donor1,703.7756,695.8171,664.6124,728.6046,848.0914
56,K562,donor1,805.9677,805.6663,773.495,839.3409,992.1472
60,K562,donor1,934.5168,944.8415,897.3831,961.2882,1156.98
64,K562,donor1,1126.2,1094.17,1026.987,1114.041,1338.743
68,K562,donor1,1300.94,1275.088,1178.543,1270.166,1551.827
72,K562,donor1,1475.537,1464.194,1340.694,1449.276,1822.194
0,K562 BCMA,donor1,100,100,100,100,100
4,K562 BCMA,donor1,119.3361,119.5672,119.4886,115.2079,117.1194
8,K562 BCMA,donor1,138.0965,135.155,135.8403,129.5602,133.8131
12,K562 BCMA,donor1,158.573,152.1984,154.387,143.3362,155.8382
16,K562 BCMA,donor1,184.6043,169.3652,175.9845,156.5944,180.9362
20,K562 BCMA,donor1,215.4979,188.0821,196.7419,173.3218,212.6522
24,K562 BCMA,donor1,256.014,217.4969,226.7262,189.0517,254.2831
28,K562 BCMA,donor1,302.4565,240.7538,258.145,203.1335,299.1388
32,K562 BCMA,donor1,354.7238,267.5332,287.7215,214.8588,357.9921
36,K562 BCMA,donor1,415.7989,292.0254,325.0443,222.3963,421.7667
40,K562 BCMA,donor1,495.8302,325.871,360.7142,231.8547,511.6238
44,K562 BCMA,donor1,592.866,351.424,403.957,248.8215,605.9783
48,K562 BCMA,donor1,714.1436,399.658,459.9827,268.4013,743.7747
52,K562 BCMA,donor1,848.0914,436.7636,509.625,275.2145,886.3381
56,K562 BCMA,donor1,992.1472,470.3437,571.0381,289.8055,1036.277
60,K562 BCMA,donor1,1156.98,508.2562,619.7454,303.1982,1196.908
64,K562 BCMA,donor1,1338.743,538.2499,669.0847,322.4855,1387.943
68,K562 BCMA,donor1,1551.827,575.3231,713.4207,345.2848,1629.516
72,K562 BCMA,donor1,1822.194,592.5699,749.4014,353.708,1848.834
0,Raji,donor1,100,100,100,100,100
4,Raji,donor1,104.698,102.9167,102.5874,102.9309,104.9942
8,Raji,donor1,106.0063,102.7807,103.6223,103.4964,106.205
12,Raji,donor1,107.4572,101.2039,100.1684,100.4104,104.0995
16,Raji,donor1,106.6379,96.94616,98.72459,96.72379,103.3763
20,Raji,donor1,108.5767,99.35035,98.17126,94.52582,103.9891
24,Raji,donor1,116.6263,103.0412,103.2598,95.75042,110.1703
28,Raji,donor1,125.8873,108.2348,109.8247,96.99119,119.1678
32,Raji,donor1,140.7086,113.5001,117.9239,102.6539,133.5963
36,Raji,donor1,158.8308,122.8478,127.5945,107.2328,149.6386
40,Raji,donor1,186.8337,135.5345,144.1504,114.0448,173.8092
44,Raji,donor1,221.5396,155.3162,166.9184,122.2812,203.6082
48,Raji,donor1,272.1966,181.1278,196.2221,140.4034,245.2995
52,Raji,donor1,313.2809,198.5826,215.8858,153.0085,281.2283
56,Raji,donor1,365.3238,221.2073,236.613,163.3212,320.9189
60,Raji,donor1,418.9836,240.9069,265.3206,175.1336,363.3353
64,Raji,donor1,476.2262,277.6435,293.9597,187.4816,414.7834
68,Raji,donor1,547.0709,312.6859,332.9449,209.3083,467.4177
72,Raji,donor1,624.8967,356.0427,383.5093,233.1473,535.8041
0,RPMI-8226,donor1,100,100,100,100,100
4,RPMI-8226,donor1,109.9198,98.67259,103.405,96.39859,108.4596
8,RPMI-8226,donor1,119.4816,91.07419,99.88395,84.34741,113.0675
12,RPMI-8226,donor1,128.2632,84.22842,98.36282,73.03366,116.8477
16,RPMI-8226,donor1,135.7653,79.88694,97.92612,63.41621,123.1675
20,RPMI-8226,donor1,145.2696,77.78307,96.7429,56.40112,130.1368
24,RPMI-8226,donor1,160.4097,75.9526,95.30614,51.07179,138.5776
28,RPMI-8226,donor1,174.4871,75.77306,98.36482,47.55648,148.9687
32,RPMI-8226,donor1,191.0297,76.66843,102.8456,45.7284,160.0788
36,RPMI-8226,donor1,210.9305,78.22073,104.4127,42.4119,173.4362
40,RPMI-8226,donor1,228.333,78.24189,103.8687,40.56466,186.429
44,RPMI-8226,donor1,248.0518,79.16278,100.9401,38.37519,199.1529
48,RPMI-8226,donor1,275.301,76.86842,102.6684,37.58204,217.394
52,RPMI-8226,donor1,300.6857,75.52504,101.2985,33.54464,235.6915
56,RPMI-8226,donor1,332.2069,71.99516,92.97795,32.24053,252.8658
60,RPMI-8226,donor1,362.6493,64.68472,86.39415,31.87774,265.984
64,RPMI-8226,donor1,398.4202,61.98869,78.26175,28.15614,291.6602
68,RPMI-8226,donor1,435.055,55.93296,72.14433,25.76687,308.8582
72,RPMI-8226,donor1,460.8486,53.22151,66.13528,25.60495,333.8948
0,K562,donor2,100,100,100,100,100
4,K562,donor2,121.7595,122.1612,125.8505,123.6377,126.5351
8,K562,donor2,139.6304,139.5015,143.1907,140.696,145.6483
12,K562,donor2,178.9162,181.7175,186.242,182.923,189.4687
16,K562,donor2,253.1922,230.8572,245.9731,244.0831,248.0306
20,K562,donor2,289.8989,269.3876,281.9733,281.0327,288.3653
24,K562,donor2,355.8448,351.8916,365.1938,363.4523,375.7472
28,K562,donor2,424.0604,413.1914,431.1014,431.5514,447.0977
32,K562,donor2,511.7381,488.5685,514.5353,512.2766,527.9432
36,K562,donor2,640.3929,640.1944,668.3663,666.4233,692.0481
40,K562,donor2,764.6107,743.4423,782.7421,780.4443,814.1446
44,K562,donor2,906.2326,864.4686,911.7765,903.4833,952.7143
48,K562,donor2,1104.091,1108.973,1129.937,1133.544,1196.913
52,K562,donor2,1315.055,1273.309,1323.152,1330.594,1387.225
56,K562,donor2,1522.245,1453.029,1493.234,1512.339,1599.452
60,K562,donor2,1834.045,1787.561,1817.278,1826.486,1949.075
64,K562,donor2,2107.42,1996.15,2009.663,2049.435,2193.105
68,K562,donor2,2517.233,2285.185,2249.397,2358.458,2517.073
72,K562,donor2,2702.097,2528.485,2310.794,2559.086,2745.328
0,K562 BCMA,donor2,100,100,100,100,100
4,K562 BCMA,donor2,118.5708,116.3786,117.2442,111.2269,120.3583
8,K562 BCMA,donor2,130.7664,122.7958,124.6712,116.8122,131.2388
12,K562 BCMA,donor2,157.087,135.4846,144.4319,128.4623,159.856
16,K562 BCMA,donor2,217.3051,156.7526,170.7387,150.5224,198.656
20,K562 BCMA,donor2,242.7854,169.5169,182.337,156.6534,220.983
24,K562 BCMA,donor2,280.8014,178.1063,204.963,165.4221,271.4303
28,K562 BCMA,donor2,327.1095,186.2371,224.0835,175.1721,310.8169
32,K562 BCMA,donor2,385.4257,197.7168,245.6452,186.7471,359.0451
36,K562 BCMA,donor2,462.1064,209.5564,280.4007,199.9294,452.2444
40,K562 BCMA,donor2,541.3586,222.1985,305.1542,208.7117,523.4954
44,K562 BCMA,donor2,638.2555,230.7469,331.0495,219.4449,602.5965
48,K562 BCMA,donor2,760.4244,232.8482,364.8963,232.2757,759.7735
52,K562 BCMA,donor2,901.2488,234.1374,391.1206,245.258,878.0921
56,K562 BCMA,donor2,1045.565,237.289,415.6353,253.467,994.6886
60,K562 BCMA,donor2,1258.181,229.9589,448.1242,253.6094,1252.628
64,K562 BCMA,donor2,1464.199,231.3843,465.6813,255.6399,1424.58
68,K562 BCMA,donor2,1759.095,234.2655,510.6575,262.4053,1677.536
72,K562 BCMA,donor2,1905.07,224.6109,528.2586,263.3701,1887.084
0,Raji,donor2,100,100,100,100,100
4,Raji,donor2,112.2635,103.927,108.9874,106.771,111.2837
8,Raji,donor2,119.1361,102.0519,107.1901,102.5951,114.843
12,Raji,donor2,127.8568,91.69759,102.6888,92.94318,117.2506
16,Raji,donor2,175.0314,102.6025,116.8835,105.0286,141.4191
20,Raji,donor2,193.1181,100.9435,115.7191,99.96284,147.3994
24,Raji,donor2,206.1042,85.55782,110.4904,89.19857,147.2198
28,Raji,donor2,232.1221,83.23953,111.8451,86.96952,155.1817
32,Raji,donor2,267.0749,84.5403,113.9972,86.6563,167.3188
36,Raji,donor2,291.1976,75.18708,111.3792,78.31271,172.289
40,Raji,donor2,332.8187,74.11672,114.8672,77.34412,189.3337
44,Raji,donor2,383.0249,74.24177,121.6313,79.9109,206.0516
48,Raji,donor2,414.0328,69.22921,122.1249,75.40456,221.8125
52,Raji,donor2,480.8326,69.61949,131.5114,77.31898,246.2061
56,Raji,donor2,555.5667,72.79292,136.532,77.64552,277.2188
60,Raji,donor2,608.2503,69.55017,140.3726,73.28661,311.5828
64,Raji,donor2,691.2048,73.82026,147.7126,76.56155,348.018
68,Raji,donor2,844.9782,81.23711,166.7186,84.0091,408.6144
72,Raji,donor2,874.9505,81.95333,172.2143,81.59166,442.4447
0,RPMI-8226,donor2,100,100,100,100,100
4,RPMI-8226,donor2,106.6593,92.6645,98.74342,90.28324,105.4993
8,RPMI-8226,donor2,115.8716,81.97585,95.40862,81.32745,106.5387
12,RPMI-8226,donor2,125.281,55.22783,74.93436,56.54743,99.50005
16,RPMI-8226,donor2,155.0875,50.28313,75.43909,51.36568,107.9318
20,RPMI-8226,donor2,164.9233,41.03565,67.63808,42.62724,102.3209
24,RPMI-8226,donor2,166.3548,27.03709,49.29218,29.44844,85.32703
28,RPMI-8226,donor2,181.7045,22.53861,45.08046,24.04554,80.51549
32,RPMI-8226,donor2,197.1296,18.6425,41.34467,21.22147,77.50065
36,RPMI-8226,donor2,205.5952,11.75856,31.3769,13.6781,63.27657
40,RPMI-8226,donor2,225.9443,10.23298,27.82916,11.5553,60.54389
44,RPMI-8226,donor2,245.8761,7.882869,24.95546,9.271702,58.32195
48,RPMI-8226,donor2,258.8137,5.092735,17.12254,6.070994,45.43978
52,RPMI-8226,donor2,283.6781,4.140476,16.19873,4.861464,42.02013
56,RPMI-8226,donor2,310.7507,3.854587,15.62988,4.03289,38.61306
60,RPMI-8226,donor2,337.5163,2.956285,12.64442,2.974657,27.87948
64,RPMI-8226,donor2,367.4861,2.788413,11.071,2.416745,24.49505
68,RPMI-8226,donor2,420.4991,2.662378,11.24042,2.224295,22.4272
72,RPMI-8226,donor2,432.439,2.251697,9.63676,2.285113,16.63206
0,K562,donor3,100,100,100,100,100
4,K562,donor3,117.4209,115.5505,116.6442,114.1946,115.0361
8,K562,donor3,135.6148,134.9619,135.9134,132.9125,133.1707
12,K562,donor3,157.97,156.1914,158.1692,154.2925,154.9743
16,K562,donor3,197.3857,192.5094,196.4076,191.8152,193.7101
20,K562,donor3,225.8348,223.0959,226.3467,222.4187,225.3823
24,K562,donor3,265.3768,262.7217,265.9488,261.4933,260.1278
28,K562,donor3,310.5308,306.3344,313.1839,305.5308,305.6034
32,K562,donor3,368.0869,363.7831,372.7523,366.347,361.3292
36,K562,donor3,453.9268,445.1551,454.2179,445.3842,446.9432
40,K562,donor3,519.4664,510.7474,519.3575,513.7365,505.8848
44,K562,donor3,610.9208,596.9753,612.01,604.6261,602.8354
48,K562,donor3,721.6932,707.4534,722.5148,711.4207,711.0083
52,K562,donor3,851.3553,832.1342,851.4415,839.2004,836.0027
56,K562,donor3,994.3094,973.3557,1002.699,989.9171,983.9993
60,K562,donor3,1162.92,1132.632,1165.75,1156.917,1139.494
64,K562,donor3,1387.63,1264.342,1391.005,1371.77,1343.719
68,K562,donor3,1541.43,1506.087,1548.337,1544.774,1515.533
72,K562,donor3,1776.61,1717.559,1751.942,1724.295,1686.934
0,K562 BCMA,donor3,100,100,100,100,100
4,K562 BCMA,donor3,116.0404,114.8658,116.476,114.953,116.4327
8,K562 BCMA,donor3,138.2871,132.5018,134.6775,133.4601,135.6014
12,K562 BCMA,donor3,161.4415,148.9894,153.2012,151.5426,160.543
16,K562 BCMA,donor3,200.915,176.327,183.8686,180.8819,199.4713
20,K562 BCMA,donor3,231.2732,191.6658,205.3727,199.2205,231.4896
24,K562 BCMA,donor3,274.4875,211.8112,233.2908,220.5476,274.1305
28,K562 BCMA,donor3,322.2123,233.1163,262.1798,242.4392,325.4524
32,K562 BCMA,donor3,384.6616,257.7469,296.2388,266.3778,392.156
36,K562 BCMA,donor3,483.4922,295.9587,345.5612,307.1664,480.9058
40,K562 BCMA,donor3,552.3181,313.554,373.6422,322.3105,556.8195
44,K562 BCMA,donor3,654.3782,338.2167,418.9267,353.4164,661.8933
48,K562 BCMA,donor3,773.9207,366.3482,461.0877,386.719,783.1272
52,K562 BCMA,donor3,922.5074,393.686,511.2533,416.9166,924.7496
56,K562 BCMA,donor3,1085.932,421.3221,558.6945,444.5291,1096.185
60,K562 BCMA,donor3,1275.601,442.1191,599.2332,472.4042,1284.942
64,K562 BCMA,donor3,1544.624,496.4422,671.9169,503.7127,1558.145
68,K562 BCMA,donor3,1727.099,491.5619,681.7861,495.6195,1776.743
72,K562 BCMA,donor3,2005.163,478.5601,711.9134,480.2716,2075.432
0,Raji,donor3,100,100,100,100,100
4,Raji,donor3,102.9825,104.5927,106.1999,106.2709,98.29355
8,Raji,donor3,104.1129,103.6434,106.1558,100.439,103.9619
12,Raji,donor3,102.7899,99.11568,103.6513,100.1869,102.7639
16,Raji,donor3,109.6803,99.3757,101.5933,96.6165,107.5681
20,Raji,donor3,108.0593,92.01941,96.79953,88.58115,106.2041
24,Raji,donor3,113.7617,89.94268,99.09077,91.35369,111.5255
28,Raji,donor3,123.4574,88.61981,99.91492,87.40343,117.2553
32,Raji,donor3,135.2828,88.44649,102.337,85.69969,126.7451
36,Raji,donor3,159.4794,92.94419,105.5287,83.46651,135.0877
40,Raji,donor3,167.621,87.31496,106.6375,82.23222,147.8835
44,Raji,donor3,185.7592,85.18174,106.706,79.66062,159.2678
48,Raji,donor3,205.1214,81.87238,102.6766,71.18343,167.341
52,Raji,donor3,224.7551,80.83138,104.3758,74.82113,188.052
56,Raji,donor3,244.5065,78.66658,104.478,71.72482,206.2256
60,Raji,donor3,269.7212,79.05453,103.1258,63.53501,219.8199
64,Raji,donor3,308.7912,79.73338,105.3752,59.90432,251.6559
68,Raji,donor3,324.6123,75.51559,103.1211,58.15423,273.0702
72,Raji,donor3,361.2174,76.25895,109.9838,60.21157,313.298
0,RPMI-8226,donor3,100,100,100,100,100
4,RPMI-8226,donor3,109.026,96.89166,104.2867,103.4022,107.9452
8,RPMI-8226,donor3,118.9887,82.32777,98.12401,96.72081,116.2977
12,RPMI-8226,donor3,127.1452,65.72771,85.47717,77.73214,125.2027
16,RPMI-8226,donor3,145.1156,56.37097,78.47678,66.60503,143.3786
20,RPMI-8226,donor3,154.7986,45.0857,71.09274,47.57814,154.1177
24,RPMI-8226,donor3,171.7815,35.09453,65.01669,34.56957,170.0271
28,RPMI-8226,donor3,190.4057,27.32889,59.30422,26.45282,190.4442
32,RPMI-8226,donor3,219.2609,20.98514,54.81322,20.3262,217.5016
36,RPMI-8226,donor3,255.2809,17.17396,48.8772,16.07687,258.9087
40,RPMI-8226,donor3,279.2591,14.07813,44.61244,9.764318,280.6678
44,RPMI-8226,donor3,317.5145,9.4543,38.97492,6.626011,319.9424
48,RPMI-8226,donor3,361.966,5.759932,29.7716,4.873576,365.7738
52,RPMI-8226,donor3,409.0537,3.594274,27.89707,3.81261,411.4708
56,RPMI-8226,donor3,465.3273,2.612968,26.92812,2.61622,474.8493
60,RPMI-8226,donor3,523.6797,2.387638,23.50733,1.849186,543.9648
64,RPMI-8226,donor3,604.1738,2.112126,21.47138,1.27477,625.0898
68,RPMI-8226,donor3,652.2025,2.793581,15.06863,0.913047,670.721
72,RPMI-8226,donor3,728.4066,2.03435,12.64377,1.049183,756.7779