cytokine,construct,target,rep1,rep2,rep3,donor
TNFa,UTD,CAR alone,0,0,0,1
TNFa,UTD,K562 mC,0,0,0,1
TNFa,UTD,K BCMA mC,0,0,0,1
TNFa,UTD,Raji,0,0,0,1
TNFa,UTD,RPMI mC,0,0,106.686,1
TNFa,NB,CAR alone,0,0,0,1
TNFa,NB,K562 mC,0,0,0,1
TNFa,NB,K BCMA mC,0,0,0,1
TNFa,NB,Raji,0,0,237.246,1
TNFa,NB,RPMI mC,0,0,0,1
TNFa,Abecma,CAR alone,0,0,98.95,1
TNFa,Abecma,K562 mC,0,0,0,1
TNFa,Abecma,K BCMA mC,5403.538,5259.64,5297.269,1
TNFa,Abecma,Raji,1621.364,1548.489,1702.354,1
TNFa,Abecma,RPMI mC,2108.046,2125.633,2149.431,1
TNFa,B2,CAR alone,0,0,167.315,1
TNFa,B2,K562 mC,0,0,0,1
TNFa,B2,K BCMA mC,1662.469,1617.84,1764.781,1
TNFa,B2,Raji,0,0,246.331,1
TNFa,B2,RPMI mC,649.838,636.206,781.853,1
TNFa,B5,CAR alone,0,0,97.29,1
TNFa,B5,K562 mC,0,0,92.3,1
TNFa,B5,K BCMA mC,6391.229,5605.717,6101.959,1
TNFa,B5,Raji,998.389,924.416,1143.385,1
TNFa,B5,RPMI mC,2045.916,1984.966,2162.302,1
IFNG,UTD,CAR alone,0,16.807,43.28,1
IFNG,UTD,K562 mC,0,20.703,44.62,1
IFNG,UTD,K BCMA mC,0,14.229,39.28,1
IFNG,UTD,Raji,0,18.362,41.181,1
IFNG,UTD,RPMI mC,30.519,96.485,82.777,1
IFNG,NB,CAR alone,0,10.652,0,1
IFNG,NB,K562 mC,0,0,0,1
IFNG,NB,K BCMA mC,0,0,0,1
IFNG,NB,Raji,0,92.612,54.859,1
IFNG,NB,RPMI mC,0,0,0,1
IFNG,Abecma,CAR alone,0,0,0,1
IFNG,Abecma,K562 mC,0,0,0,1
IFNG,Abecma,K BCMA mC,2244.608,2191.648,2112.533,1
IFNG,Abecma,Raji,634.196,615.812,582.904,1
IFNG,Abecma,RPMI mC,1552.313,1492.654,1478.119,1
IFNG,B2,CAR alone,0,0,43.663,1
IFNG,B2,K562 mC,0,0,0,1
IFNG,B2,K BCMA mC,437.001,432.713,413.808,1
IFNG,B2,Raji,0,52.653,67.421,1
IFNG,B2,RPMI mC,342.59,312.172,319.765,1
IFNG,B5,CAR alone,0,9.638,47.501,1
IFNG,B5,K562 mC,0,0,47.501,1
IFNG,B5,K BCMA mC,1526.237,1399.665,1270.626,1
IFNG,B5,Raji,203.896,192.901,206.432,1
IFNG,B5,RPMI mC,750.189,686.528,725.524,1
IL-2,UTD,CAR alone,6.437,0,0,1
IL-2,UTD,K562 mC,23.685,0,0,1
IL-2,UTD,K BCMA mC,0,0,0,1
IL-2,UTD,Raji,0,0,0,1
IL-2,UTD,RPMI mC,0,0,0,1
IL-2,NB,CAR alone,21.205,0,0,1
IL-2,NB,K562 mC,0,0,0,1
IL-2,NB,K BCMA mC,0,0,0,1
IL-2,NB,Raji,33.005,0,0,1
IL-2,NB,RPMI mC,0,0,0,1
IL-2,Abecma,CAR alone,39.305,0,0,1
IL-2,Abecma,K562 mC,0,0,0,1
IL-2,Abecma,K BCMA mC,3461.085,3272.014,3269.119,1
IL-2,Abecma,Raji,814.859,813.342,765.749,1
IL-2,Abecma,RPMI mC,796.966,693.322,653.547,1
IL-2,B2,CAR alone,58.882,0,0,1
IL-2,B2,K562 mC,0,0,0,1
IL-2,B2,K BCMA mC,487.544,575.875,602.768,1
IL-2,B2,Raji,30.566,0,0,1
IL-2,B2,RPMI mC,116.922,117.622,73.477,1
IL-2,B5,CAR alone,17.708,0,0,1
IL-2,B5,K562 mC,0,0,0,1
IL-2,B5,K BCMA mC,3645.279,3915.96,3762.72,1
IL-2,B5,Raji,417.765,443.337,429.414,1
IL-2,B5,RPMI mC,719.75,695.268,749.84,1
GranzymeB,UTD,CAR alone,13.186,16.395,19.482,1
GranzymeB,UTD,K562 mC,18.613,14.639,23.892,1
GranzymeB,UTD,K BCMA mC,16.668,23.524,21.396,1
GranzymeB,UTD,Raji,17.608,27.715,23.334,1
GranzymeB,UTD,RPMI mC,141.728,156.178,144.729,1
GranzymeB,NB,CAR alone,0,11.715,12.096,1
GranzymeB,NB,K562 mC,16.203,19.478,18.184,1
GranzymeB,NB,K BCMA mC,16.151,18.444,18.507,1
GranzymeB,NB,Raji,23.383,23.595,26.934,1
GranzymeB,NB,RPMI mC,23.778,23.102,22.611,1
GranzymeB,Abecma,CAR alone,10.144,10.149,14.47,1
GranzymeB,Abecma,K562 mC,13.382,15.717,14.627,1
GranzymeB,Abecma,K BCMA mC,1683.604,1609.39,1762.285,1
GranzymeB,Abecma,Raji,720.081,674.738,620.731,1
GranzymeB,Abecma,RPMI mC,2623.501,2236.226,2211.806,1
GranzymeB,B2,CAR alone,0,12.572,10.53,1
GranzymeB,B2,K562 mC,12.311,14.437,10.53,1
GranzymeB,B2,K BCMA mC,612.058,520.291,523.717,1
GranzymeB,B2,Raji,48.14,55.926,53.243,1
GranzymeB,B2,RPMI mC,647.734,510.706,563.865,1
GranzymeB,B5,CAR alone,21.764,34.087,27.105,1
GranzymeB,B5,K562 mC,33.648,41.185,37.827,1
GranzymeB,B5,K BCMA mC,3349.043,3302.919,3713.399,1
GranzymeB,B5,Raji,1000.475,889.16,913.952,1
GranzymeB,B5,RPMI mC,3252.476,2655.652,3313.185,1
TNFa,UTD,CAR alone,0,0,0,2
TNFa,UTD,K562 mC,0,0,0,2
TNFa,UTD,K BCMA mC,0,0,0,2
TNFa,UTD,Raji,0,0,0,2
TNFa,UTD,RPMI mC,0,0,589.54,2
TNFa,NB,CAR alone,88.966,0,0,2
TNFa,NB,K562 mC,0,0,0,2
TNFa,NB,K BCMA mC,0,186.774,0,2
TNFa,NB,Raji,125.378,171.646,239.385,2
TNFa,NB,RPMI mC,0,0,0,2
TNFa,Abecma,CAR alone,99.504,0,213.675,2
TNFa,Abecma,K562 mC,97.843,186.774,628.676,2
TNFa,Abecma,K BCMA mC,4077.248,4445.347,3619.9,2
TNFa,Abecma,Raji,649.535,851.612,709.466,2
TNFa,Abecma,RPMI mC,1526.248,1503.635,1390.236,2
TNFa,B2,CAR alone,0,202.393,0,2
TNFa,B2,K562 mC,0,206.693,0,2
TNFa,B2,K BCMA mC,695.921,695.4,1030.752,2
TNFa,B2,Raji,0,168.94,0,2
TNFa,B2,RPMI mC,339.801,480.774,436.19,2
TNFa,B5,CAR alone,108.34,379.91,165.69,2
TNFa,B5,K562 mC,0,785.498,0,2
TNFa,B5,K BCMA mC,6282.374,4339.564,6084.19,2
TNFa,B5,Raji,929.183,1136.601,870.353,2
TNFa,B5,RPMI mC,1769.018,1589.423,1727.206,2
IFNG,UTD,CAR alone,0,0,0,2
IFNG,UTD,K562 mC,0,0,0,2
IFNG,UTD,K BCMA mC,0,42.42,0,2
IFNG,UTD,Raji,0,11.415,0,2
IFNG,UTD,RPMI mC,0,45.642,56.418,2
IFNG,NB,CAR alone,0,0,42.134,2
IFNG,NB,K562 mC,0,30.957,0,2
IFNG,NB,K BCMA mC,0,26.204,41.372,2
IFNG,NB,Raji,0,58.344,46.539,2
IFNG,NB,RPMI mC,0,44.567,54.081,2
IFNG,Abecma,CAR alone,0,14.486,42.516,2
IFNG,Abecma,K562 mC,0,46.718,48.85,2
IFNG,Abecma,K BCMA mC,5939.736,5885.563,6224.106,2
IFNG,Abecma,Raji,913.507,857.738,840.765,2
IFNG,Abecma,RPMI mC,3016.35,3060.431,3058.474,2
IFNG,B2,CAR alone,0,12.691,0,2
IFNG,B2,K562 mC,0,0,0,2
IFNG,B2,K BCMA mC,1281.832,1221.161,1343.838,2
IFNG,B2,Raji,39.231,56.444,86.803,2
IFNG,B2,RPMI mC,970.852,823.981,850.65,2
IFNG,B5,CAR alone,0,0,0,2
IFNG,B5,K562 mC,0,0,0,2
IFNG,B5,K BCMA mC,2323.406,2309.785,2367.068,2
IFNG,B5,Raji,198.77,198.879,230.693,2
IFNG,B5,RPMI mC,957.351,990.238,974.608,2
IL-2,UTD,CAR alone,0,0,0,2
IL-2,UTD,K562 mC,9.6555,0,0,2
IL-2,UTD,K BCMA mC,0,0,0,2
IL-2,UTD,Raji,0,0,0,2
IL-2,UTD,RPMI mC,0,0,0,2
IL-2,NB,CAR alone,0,0,0,2
IL-2,NB,K562 mC,0,0,0,2
IL-2,NB,K BCMA mC,0,0,0,2
IL-2,NB,Raji,0,0,0,2
IL-2,NB,RPMI mC,0,0,0,2
IL-2,Abecma,CAR alone,12.0165,0,0,2
IL-2,Abecma,K562 mC,8.8635,0,0,2
IL-2,Abecma,K BCMA mC,905.031,830.5335,800.094,2
IL-2,Abecma,Raji,64.014,0,0,2
IL-2,Abecma,RPMI mC,116.5095,53.16,41.922,2
IL-2,B2,CAR alone,10.446,0,34.296,2
IL-2,B2,K562 mC,0,0,0,2
IL-2,B2,K BCMA mC,92.577,0,0,2
IL-2,B2,Raji,3.186,0,0,2
IL-2,B2,RPMI mC,0,0,0,2
IL-2,B5,CAR alone,0,0,0,2
IL-2,B5,K562 mC,0,0,0,2
IL-2,B5,K BCMA mC,3694.4235,3985.1325,3558.2775,2
IL-2,B5,Raji,154.7355,136.0005,113.0835,2
IL-2,B5,RPMI mC,463.707,495.2025,485.9355,2
GranzymeB,UTD,CAR alone,19.848,17.553,26.877,2
GranzymeB,UTD,K562 mC,19.794,10.994,17.111,2
GranzymeB,UTD,K BCMA mC,21.157,22.611,24.732,2
GranzymeB,UTD,Raji,33.771,27.572,32.578,2
GranzymeB,UTD,RPMI mC,68.947,68.429,72.114,2
GranzymeB,NB,CAR alone,17.032,13.768,11.943,2
GranzymeB,NB,K562 mC,31.633,14.437,16.26,2
GranzymeB,NB,K BCMA mC,28.462,15.852,19.59,2
GranzymeB,NB,Raji,22.877,25.646,28.933,2
GranzymeB,NB,RPMI mC,62.645,65.513,57.528,2
GranzymeB,Abecma,CAR alone,26.878,23.172,24.283,2
GranzymeB,Abecma,K562 mC,37.262,40.961,36.697,2
GranzymeB,Abecma,K BCMA mC,2730.705,2273.573,2353.559,2
GranzymeB,Abecma,Raji,775.27,649.703,598.794,2
GranzymeB,Abecma,RPMI mC,2146.26,1802.349,1849.222,2
GranzymeB,B2,CAR alone,14.125,9.632,12.71,2
GranzymeB,B2,K562 mC,20.282,20.239,17.861,2
GranzymeB,B2,K BCMA mC,695.878,600.609,592.086,2
GranzymeB,B2,Raji,54.341,52.694,53.619,2
GranzymeB,B2,RPMI mC,371.068,351.729,342.433,2
GranzymeB,B5,CAR alone,27.403,26.358,22.279,2
GranzymeB,B5,K562 mC,27.755,23.172,31.53,2
GranzymeB,B5,K BCMA mC,3437.19,3037.609,3037.277,2
GranzymeB,B5,Raji,634.597,521.711,518.067,2
GranzymeB,B5,RPMI mC,1698.08,1204.65,1373.624,2
TNFa,UTD,CAR alone,0,0,0,3
TNFa,UTD,K562 mC,0,0,0,3
TNFa,UTD,K BCMA mC,0,0,0,3
TNFa,UTD,Raji,0,0,0,3
TNFa,UTD,RPMI mC,0,0,0,3
TNFa,NB,CAR alone,0,0,0,3
TNFa,NB,K562 mC,0,0,0,3
TNFa,NB,K BCMA mC,0,0,17.892,3
TNFa,NB,Raji,34.887,21.437,50.674,3
TNFa,NB,RPMI mC,0,0,0,3
TNFa,Abecma,CAR alone,0,0,0,3
TNFa,Abecma,K562 mC,0,0,0,3
TNFa,Abecma,K BCMA mC,6222.575,5901.529,6306.606,3
TNFa,Abecma,Raji,3109.928,3152.801,3188.619,3
TNFa,Abecma,RPMI mC,2837.655,2918.694,2590.429,3
TNFa,B2,CAR alone,0,0,0,3
TNFa,B2,K562 mC,0,0,0,3
TNFa,B2,K BCMA mC,3192.349,2983.981,2940.145,3
TNFa,B2,Raji,0,0,0,3
TNFa,B2,RPMI mC,721.071,735.841,699.97,3
TNFa,B5,CAR alone,0,0,0,3
TNFa,B5,K562 mC,0,0,0,3
TNFa,B5,K BCMA mC,5090.848,4850.421,5229.442,3
TNFa,B5,Raji,1363.145,1329.346,1330.676,3
TNFa,B5,RPMI mC,1800.45,1874.155,1974.933,3
IFNG,UTD,CAR alone,25.176,0,25.036,3
IFNG,UTD,K562 mC,0,0,20.453,3
IFNG,UTD,K BCMA mC,0,19.624,23.783,3
IFNG,UTD,Raji,0,18.796,23.366,3
IFNG,UTD,RPMI mC,24.897,31.901,34.438,3
IFNG,NB,CAR alone,19.072,0,20.73,3
IFNG,NB,K562 mC,0,0,36.699,3
IFNG,NB,K BCMA mC,57.275,46.512,57.13,3
IFNG,NB,Raji,39.676,50.376,47.084,3
IFNG,NB,RPMI mC,21.561,0,22.949,3
IFNG,Abecma,CAR alone,0,0,21.977,3
IFNG,Abecma,K562 mC,0,0,0,3
IFNG,Abecma,K BCMA mC,2514.124,2461.391,2505.057,3
IFNG,Abecma,Raji,843.486,883.083,804.742,3
IFNG,Abecma,RPMI mC,2018.746,2203.572,1774.384,3
IFNG,B2,CAR alone,0,0,0,3
IFNG,B2,K562 mC,19.072,24.757,0,3
IFNG,B2,K BCMA mC,1390.132,1375.481,1325.435,3
IFNG,B2,Raji,76.124,76.853,73.21,3
IFNG,B2,RPMI mC,967.438,980.459,927.803,3
IFNG,B5,CAR alone,0,0,19.486,3
IFNG,B5,K562 mC,0,0,18.658,3
IFNG,B5,K BCMA mC,1939.344,1938.78,2018.557,3
IFNG,B5,Raji,387.868,346.613,382.477,3
IFNG,B5,RPMI mC,1438.337,1564.455,1615.832,3
IL-2,UTD,CAR alone,0,0,0,3
IL-2,UTD,K562 mC,0,0,0,3
IL-2,UTD,K BCMA mC,0,0,0,3
IL-2,UTD,Raji,0,0,0,3
IL-2,UTD,RPMI mC,0,0,0,3
IL-2,NB,CAR alone,0,0.324,0,3
IL-2,NB,K562 mC,0,0,0,3
IL-2,NB,K BCMA mC,25.1465,27.03,37.3605,3
IL-2,NB,Raji,38.115,9.3595,15.741,3
IL-2,NB,RPMI mC,0,0,0,3
IL-2,Abecma,CAR alone,0,0,0,3
IL-2,Abecma,K562 mC,0,13.1115,0,3
IL-2,Abecma,K BCMA mC,1666.3725,1614.496,1593.671,3
IL-2,Abecma,Raji,532.4885,544.1025,551.9735,3
IL-2,Abecma,RPMI mC,585.9095,602.8045,584.7625,3
IL-2,B2,CAR alone,0,0,0,3
IL-2,B2,K562 mC,0,0,3.6715,3
IL-2,B2,K BCMA mC,1135.4025,1189.1765,1151.8175,3
IL-2,B2,Raji,15.4405,17.9965,34.72,3
IL-2,B2,RPMI mC,127.2335,129.814,127.3095,3
IL-2,B5,CAR alone,0,0,0,3
IL-2,B5,K562 mC,0,0,0,3
IL-2,B5,K BCMA mC,1658.763,1719.565,1870.1215,3
IL-2,B5,Raji,232.0445,227.8595,254.4235,3
IL-2,B5,RPMI mC,323.5195,361.336,383.074,3
GranzymeB,UTD,CAR alone,160.841,113.912,153.856,3
GranzymeB,UTD,K562 mC,151.865,0,112.937,3
GranzymeB,UTD,K BCMA mC,110.501,0,151.367,3
GranzymeB,UTD,Raji ,113.912,0,122.714,3
GranzymeB,UTD,RPMI mC,117.329,114.4,144.412,3
GranzymeB,NB,CAR alone,115.376,109.528,138.47,3
GranzymeB,NB,K562 mC,142.925,120.754,117.329,3
GranzymeB,NB,K BCMA mC,0,144.412,112.937,3
GranzymeB,NB,Raji ,146.894,147.39,130.575,3
GranzymeB,NB,RPMI mC,135.012,109.042,105.642,3
GranzymeB,Abecma,CAR alone,0,0,153.856,3
GranzymeB,Abecma,K562 mC,112.937,0,161.341,3
GranzymeB,Abecma,K BCMA mC,2899.595,2941.5,2898.266,3
GranzymeB,Abecma,Raji ,607.448,624.652,603.569,3
GranzymeB,Abecma,RPMI mC,3911.364,3244.975,3949.896,3
GranzymeB,B2,CAR alone,104.187,0,0,3
GranzymeB,B2,K562 mC,135.506,0,109.528,3
GranzymeB,B2,K BCMA mC,769.406,741.706,691.639,3
GranzymeB,B2,Raji ,133.532,126.149,119.285,3
GranzymeB,B2,RPMI mC,911.001,757.523,781.306,3
GranzymeB,B5,CAR alone,0,107.584,119.775,3
GranzymeB,B5,K562 mC,0,136.988,101.282,3
GranzymeB,B5,K BCMA mC,1742.51,1787.713,1653.773,3
GranzymeB,B5,Raji ,350.233,288.199,271.024,3
GranzymeB,B5,RPMI mC,2080.28,2430.847,2302.013,3